home_fps,total_qty_kg,num_cards,avg_per_card
1120,968.2103631963297,256,3.782071731235663
39394,608.761506533075,125,4.8700920522646
860,512.8212906229522,89,5.762036973291598
1204,460.78655396196547,161,2.8620282854780466
1123,380.58669002671536,160,2.378666812666971
925,340.54302910407,119,2.861706126924958
39273,337.38088017291375,76,4.439222107538339
955,330.2495303071535,39,8.467936674542399
39395,326.7205387978827,62,5.269686109643269
918,323.8711658159524,50,6.477423316319048
41168,274.3389365820008,38,7.219445699526338
41231,261.4175727552956,35,7.46907350729416
931,242.21211767528223,51,4.74925720931926
1070,232.2524687173266,53,4.382122051270313
938,163.65073023026335,48,3.4093902131304863
942,159.96132448200302,52,3.0761793169615967
41297,155.96273720992912,40,3.899068430248228
1122,137.10726025312903,72,1.9042675035156809
27017,134.74288153430766,10,13.474288153430766
14422,125.21413107909937,7,17.88773301129991
3891,124.83236091549435,5,24.96647218309887
870,114.01437714667165,42,2.714628027301706
19536,105.13931657138943,6,17.523219428564904
3995,104.84072852338646,8,13.105091065423307
7673,104.44535716422648,5,20.889071432845295
15176,102.76153554184837,6,17.126922590308062
41188,101.59482185719251,13,7.814986296707117
3762,97.14667101820665,8,12.14333387727583
14851,96.83420079807492,6,16.13903346634582
3767,90.98573225898066,7,12.997961751282952
24894,90.18598994188906,6,15.030998323648177
3770,89.15745487274732,7,12.736779267535331
3873,89.0268490063116,5,17.80536980126232
26241,86.90730175496002,4,21.726825438740004
926,85.85574407327431,23,3.7328584379684484
5674,85.7300179326746,9,9.525557548074955
1065,85.01549729411278,11,7.7286815721920705
39902,84.74181209106123,18,4.707878449503402
858,79.58374131500301,10,7.958374131500301
12002,79.0930010089037,9,8.788111223211523
29009,77.88458487520857,16,4.867786554700536
936,77.75559153355586,31,2.508244888179221
946,77.46582303049081,15,5.164388202032721
25321,74.46606873891592,3,24.822022912971974
25360,74.03102433810986,4,18.507756084527465
14329,72.94690606588414,5,14.589381213176827
937,72.88102306001701,27,2.6992971503710006
902,71.47540356899793,6,11.912567261499655
12114,70.5620819440918,3,23.520693981363934
391,69.98948041736821,5,13.997896083473643
3933,68.44385513021614,7,9.777693590030877
14936,68.28076120806614,7,9.754394458295163
935,68.26224265434296,19,3.5927496133864714
2489,68.12288897230755,7,9.731841281758221
14872,67.52738702845689,7,9.64676957549384
41629,66.01273330070569,3,22.004244433568562
929,62.82191115063595,11,5.711082831875995
19569,62.76091577348941,6,10.460152628914901
1118,62.15042613521652,35,1.7757264610061863
3881,61.30778316749358,7,8.758254738213369
25318,60.661872362151556,5,12.13237447243031
5715,60.367768725656475,7,8.623966960808067
14426,59.795104188506336,7,8.54215774121519
3941,59.60540440511595,6,9.934234067519325
952,57.851598602012736,13,4.450122969385595
12080,57.62133876462038,3,19.207112921540126
39618,57.27573458758174,7,8.182247798225962
3952,56.67044923148449,5,11.334089846296898
883,56.27274102898194,11,5.115703729907449
898,55.32987161279478,9,6.147763512532753
3981,54.91883396584576,5,10.983766793169151
3924,54.372680897587664,7,7.767525842512524
2441,53.02388654809982,4,13.255971637024954
7425,52.69667249550666,4,13.174168123876665
1121,52.544751191514656,22,2.3883977814324844
915,52.3818671583264,14,3.7415619398804574
2539,51.645646773355736,2,25.822823386677868
41536,50.60217750999223,2,25.301088754996115
3939,50.10337505005383,3,16.70112501668461
3953,49.81726136710685,4,12.454315341776713
933,49.75037837958932,13,3.8269521830453326
39868,49.62844009247734,2,24.81422004623867
12215,49.587918622893916,7,7.083988374699131
7460,49.286226307051166,2,24.643113153525583
2413,48.7650367700558,7,6.966433824293686
41028,47.898605770513456,3,15.966201923504485
3876,47.864790595085594,4,11.966197648771399
20516,47.81641663867618,4,11.954104159669045
7870,47.730302449085215,2,23.865151224542608
12115,46.82241021689393,2,23.411205108446964
41251,46.744882632650544,4,11.686220658162636
3765,46.62120235094438,6,7.770200391824063
29004,46.43569273585373,16,2.902230795990858
39214,45.95813257988222,2,22.97906628994111
40432,45.71327899414237,2,22.856639497071185
851,45.62778975551766,8,5.703473719439708
14970,45.189280377246845,6,7.531546729541141
14671,45.122964472955495,7,6.446137781850785
39208,44.674913040557655,3,14.891637680185886
39272,44.49855208119506,21,2.118978670533098
3121,44.47446425922476,4,11.11861606480619
3768,44.46775792412951,3,14.822585974709837
39382,44.40965910070632,3,14.80321970023544
26978,44.364780022577705,5,8.87295600451554
138,44.28922758251799,5,8.857845516503598
14763,44.02102297649947,2,22.010511488249733
2416,43.86694338728939,6,7.3111572312148985
12116,43.553670944477005,4,10.888417736119251
40111,43.281701516957185,2,21.640850758478592
12946,43.269693149457886,4,10.817423287364472
12121,43.266715164169966,5,8.653343032833993
26998,43.23145556023596,3,14.41048518674532
2513,43.16115181216664,3,14.387050604055547
15309,43.13612935626301,6,7.189354892710502
2553,42.398660303201595,2,21.199330151600797
40475,42.12955106439813,2,21.064775532199064
3842,42.01382747774496,4,10.50345686943624
5977,41.95954683975679,2,20.979773419878395
39271,41.760130209831125,6,6.960021701638521
3957,41.617504008652055,3,13.872501336217352
4049,41.47642106063951,2,20.738210530319755
17675,41.350200265119696,2,20.675100132559848
477,41.29622270601285,4,10.324055676503212
3769,41.202092721160696,6,6.867015453526783
885,40.96295637309798,6,6.82715939551633
24594,40.94655054227263,3,13.648850180757544
14669,40.943962064226405,4,10.235990516056601
29068,40.60701122658995,2,20.303505613294973
17579,40.3488929399196,2,20.1744464699598
12068,40.23407441533556,3,13.411358138445188
27428,39.698866063162804,4,9.924716515790701
14417,39.64440045913511,3,13.214800153045038
5649,39.56545946175578,6,6.5942432436259635
40975,39.544439131403635,3,13.181479710467878
3863,39.47915787798369,5,7.895831575596738
41212,39.379111944293015,25,1.5751644777717206
19543,39.17679651178205,2,19.588398255891025
25332,39.151615644480884,4,9.787903911120221
41252,39.0661687258297,3,13.022056241943233
4015,38.9627983153564,4,9.7406995788391
41391,38.73675903469961,4,9.684189758674902
5787,38.73673431731058,2,19.36836715865529
27001,38.71226313251593,4,9.678065783128982
26989,38.70682094724457,3,12.902273649081524
3808,38.48301492202239,2,19.241507461011196
41190,38.254212968232096,2,19.127106484116048
4542,38.19242213280261,1,38.19242213280261
12009,38.18117983482583,5,7.636235966965167
3806,38.11975623125723,3,12.706585410419075
3760,37.889306870232986,4,9.472326717558246
3923,37.79459069128154,1,37.79459069128154
15090,37.7466454409187,4,9.436661360229675
41369,37.516179825267706,2,18.758089912633853
14328,37.28115793813262,3,12.427052646044208
3991,37.089594035780124,3,12.363198011926707
14994,37.07571890893785,3,12.35857296964595
27122,37.07438875301729,3,12.358129584339096
7437,36.963243552464434,3,12.321081184154812
14499,36.924611203881724,3,12.308203734627241
3807,36.90181594855968,2,18.45090797427984
28086,36.72827950341868,1,36.72827950341868
40676,36.720682984877165,3,12.240227661625722
17970,36.59947974399549,1,36.59947974399549
10321,36.45901408104974,1,36.45901408104974
3992,36.441563090332544,5,7.2883126180665085
18671,36.291494961913024,1,36.291494961913024
14988,36.07975537266906,1,36.07975537266906
14940,36.05543545034478,2,18.02771772517239
13096,35.984769332072844,1,35.984769332072844
4050,35.8692315916476,1,35.8692315916476
6216,35.67883918834396,4,8.91970979708599
20644,35.672467065912386,2,17.836233532956193
25329,35.6508583448104,2,17.8254291724052
17559,35.34592318690053,2,17.672961593450264
25111,35.33279782194164,2,17.66639891097082
22123,35.289901539528095,1,35.289901539528095
13102,35.282294393456375,2,17.641147196728188
20946,35.13802550896786,1,35.13802550896786
8411,34.95488458723067,1,34.95488458723067
41534,34.949417232698714,1,34.949417232698714
2527,34.92109824062342,3,11.640366080207807
15211,34.799897219407804,4,8.699974304851951
3829,34.76759013670775,5,6.95351802734155
14650,34.75968566439526,3,11.586561888131754
20449,34.66776685224089,1,34.66776685224089
24871,34.66713301900308,1,34.66713301900308
41308,34.55679778636998,1,34.55679778636998
26723,34.50384624728029,1,34.50384624728029
39951,34.47452961805638,1,34.47452961805638
39254,34.470667854698554,2,17.235333927349277
20687,34.41753209100941,1,34.41753209100941
23488,34.32042360851505,1,34.32042360851505
11971,34.29832357725755,1,34.29832357725755
1408,34.23230292521974,1,34.23230292521974
18867,34.12704910314439,1,34.12704910314439
6156,34.08970983970625,1,34.08970983970625
8276,34.00269956729383,1,34.00269956729383
3827,33.96299148419542,4,8.490747871048855
737,33.92983999097376,1,33.92983999097376
2510,33.851598918270476,3,11.28386630609016
20530,33.79685062617994,1,33.79685062617994
41009,33.791008534512265,1,33.791008534512265
14628,33.753080921926745,1,33.753080921926745
392,33.69864897479298,8,4.212331121849123
7517,33.68789508616344,1,33.68789508616344
26979,33.51089245469167,2,16.755446227345836
4037,33.354208987041204,3,11.118069662347068
876,33.20952383030424,6,5.53492063838404
2969,33.19426392057665,1,33.19426392057665
22769,33.059900511930095,2,16.529950255965048
41436,33.04871616806227,1,33.04871616806227
4881,32.849927779884794,3,10.949975926628264
20413,32.81541826300655,1,32.81541826300655
41048,32.72719688186551,4,8.181799220466377
12686,32.53262146916542,2,16.26631073458271
20523,32.50179521927292,1,32.50179521927292
25077,32.456562411023306,1,32.456562411023306
25561,32.448624121695715,1,32.448624121695715
40067,32.400946071513985,1,32.400946071513985
14509,32.3549182933536,4,8.0887295733384
14999,32.34905914647963,1,32.34905914647963
205,32.31339063677051,3,10.771130212256836
4007,32.30069030394045,4,8.075172575985112
17064,32.254174505709166,1,32.254174505709166
12912,32.1693616215247,2,16.08468081076235
10899,32.1512273769199,1,32.1512273769199
5583,32.11451256651491,2,16.057256283257455
39274,32.00059719346591,2,16.000298596732954
6129,31.979909983951263,1,31.979909983951263
3803,31.885391728379204,1,31.885391728379204
23036,31.84206377279012,1,31.84206377279012
20539,31.741636197418497,1,31.741636197418497
3851,31.4647663655565,4,7.866191591389125
27411,31.44965395027888,1,31.44965395027888
886,31.377689105685022,6,5.229614850947503
27424,31.20336026005972,6,5.200560043343287
14430,31.174187491180824,3,10.391395830393607
2861,31.13257960696015,1,31.13257960696015
2848,31.098563376659534,2,15.549281688329767
25428,31.0979584500455,1,31.0979584500455
14633,30.96313414683178,2,15.48156707341589
403,30.945134497303155,3,10.315044832434385
3747,30.69704974237202,2,15.34852487118601
17585,30.64756987073584,2,15.32378493536792
41229,30.605149638769735,3,10.201716546256579
7713,30.42340483075622,2,15.21170241537811
3886,30.28545640967087,3,10.095152136556957
212,30.05432201982019,2,15.027161009910095
39720,30.020946139268887,3,10.006982046422962
14454,30.015425441123963,2,15.007712720561981
40621,29.969787928523854,3,9.989929309507952
727,29.889882669781084,2,14.944941334890542
39848,29.83073097714498,3,9.94357699238166
13058,29.762648214107926,4,7.440662053526982
128,29.742441471653716,2,14.871220735826858
14956,29.71265984840729,2,14.856329924203646
40459,29.620007144140885,2,14.810003572070443
2727,29.518477726913858,3,9.839492575637953
26281,29.48390126674069,3,9.827967088913564
23084,29.414319974927807,2,14.707159987463903
3922,29.222188071471205,4,7.305547017867801
26997,29.149537599409513,6,4.858256266568252
7962,29.137855891669894,2,14.568927945834947
40231,29.069293426836854,3,9.689764475612284
25369,29.01645203221642,3,9.672150677405474
2581,28.955176230711523,3,9.651725410237175
14899,28.952307500410893,2,14.476153750205446
25370,28.790130398361608,2,14.395065199180804
27941,28.72453158154812,2,14.36226579077406
15079,28.579730821447743,2,14.289865410723872
3940,28.35447084304416,1,28.35447084304416
2842,28.3526714537442,4,7.08816786343605
5906,28.342749992125597,2,14.171374996062799
12084,28.322649064626333,2,14.161324532313166
3927,28.23790129111397,2,14.118950645556986
339,28.184436217263514,2,14.092218108631757
15077,28.086456377969608,2,14.043228188984804
40181,27.74615392241303,5,5.549230784482606
26574,27.6722608799726,1,27.6722608799726
3752,27.65859737120897,3,9.219532457069656
4034,27.65853367882673,3,9.219511226275577
28275,27.628699793678297,1,27.628699793678297
20520,27.559851011819937,3,9.186617003939979
12117,27.5487424653582,2,13.7743712326791
3764,27.464199173469822,3,9.154733057823274
19549,27.39541377195423,4,6.848853442988558
15224,27.373611402705688,3,9.12453713423523
2422,27.341379694845244,2,13.670689847422622
21436,27.277052298529057,3,9.092350766176352
27015,26.94786228385717,3,8.982620761285723
41267,26.91655853349454,2,13.45827926674727
14697,26.616649584104174,4,6.654162396026043
325,26.552354855935057,6,4.4253924759891765
13148,26.42549789675124,3,8.808499298917079
39716,26.356129494337928,3,8.785376498112642
485,26.172738553417688,3,8.724246184472563
12847,26.073432994460376,2,13.036716497230188
7806,26.060147293343615,2,13.030073646671807
29179,26.034684549527395,4,6.508671137381849
863,26.007686284533953,8,3.250960785566744
39566,25.965262052729102,2,12.982631026364551
18726,25.939381223731125,2,12.969690611865563
23968,25.83897187988125,1,25.83897187988125
29162,25.824255048755276,1,25.824255048755276
25433,25.76200965647805,1,25.76200965647805
2755,25.721395341536372,2,12.860697670768186
14533,25.704936854198678,3,8.568312284732892
13142,25.69841931697684,1,25.69841931697684
14488,25.68702471383854,2,12.84351235691927
3821,25.678123078035018,2,12.839061539017509
2624,25.62493623299151,2,12.812468116495754
39669,25.601277635448426,2,12.800638817724213
18973,25.49879215393822,1,25.49879215393822
39276,25.426780785442077,2,12.713390392721038
913,25.405516278568587,1,25.405516278568587
17831,25.3263584591212,1,25.3263584591212
41172,25.325092877427554,1,25.325092877427554
39252,25.30949140271879,1,25.30949140271879
18691,25.249124819116403,2,12.624562409558202
4885,25.10779597068288,1,25.10779597068288
40119,25.093859572130768,2,12.546929786065384
5935,25.06711169575787,1,25.06711169575787
15299,25.043351664659923,2,12.521675832329962
40477,25.01210911765807,2,12.506054558829035
4039,25.0055754875708,1,25.0055754875708
3216,24.991840375544246,4,6.2479600938860615
14888,24.943584714665405,2,12.471792357332703
11600,24.848977279442543,2,12.424488639721272
15070,24.84407679043281,2,12.422038395216404
6953,24.843993455949,1,24.843993455949
20507,24.829946098147296,1,24.829946098147296
15271,24.821018368297747,3,8.273672789432583
21066,24.771611958757237,1,24.771611958757237
3069,24.768578895406627,1,24.768578895406627
17976,24.657280864853263,1,24.657280864853263
894,24.60952269499121,8,3.076190336873901
26656,24.521070457924964,4,6.130267614481241
27451,24.51351654083371,1,24.51351654083371
18811,24.479777688830723,1,24.479777688830723
15032,24.464574151256592,2,12.232287075628296
12211,24.43792958011556,1,24.43792958011556
13155,24.41335624297217,1,24.41335624297217
26572,24.324822364227053,1,24.324822364227053
10686,24.07815313660124,1,24.07815313660124
25050,23.97395006404649,2,11.986975032023246
26619,23.937410934164493,1,23.937410934164493
24944,23.911285369625222,1,23.911285369625222
920,23.7348008791177,9,2.6372000976797443
19987,23.72288925668449,1,23.72288925668449
14511,23.71195559688257,3,7.903985198960857
14845,23.70344016374007,1,23.70344016374007
41574,23.60911682763209,1,23.60911682763209
4078,23.591921950741984,1,23.591921950741984
2856,23.537813135904454,4,5.8844532839761134
2840,23.379515899995003,4,5.844878974998751
675,23.36867315371048,1,23.36867315371048
393,23.26042775781541,1,23.26042775781541
25336,23.10687704405458,4,5.776719261013645
15303,23.035181849865985,2,11.517590924932993
26417,23.02700196888422,2,11.51350098444211
14494,22.99667315416609,2,11.498336577083045
14965,22.79038859687315,2,11.395194298436575
24896,22.65185276583736,1,22.65185276583736
40958,22.619363526663797,2,11.309681763331898
26652,22.305399775624593,2,11.152699887812297
26976,22.26269037782293,4,5.565672594455733
41403,22.11817099273316,6,3.686361832122193
3844,22.05651281743021,4,5.514128204357553
15183,22.05550411278199,3,7.351834704260663
3823,21.997568724405024,2,10.998784362202512
3926,21.902624134788322,2,10.951312067394161
284,21.764949323742396,3,7.254983107914132
3917,21.724255466861226,4,5.431063866715307
12001,21.673353847410056,3,7.224451282470018
15260,21.618637123004373,5,4.323727424600874
3934,21.544111511154128,3,7.181370503718043
3761,21.523667086579938,3,7.174555695526646
40098,21.503337827738402,2,10.751668913869201
10710,21.42967383952703,2,10.714836919763515
22553,21.039820977890717,2,10.519910488945358
39731,20.99366040784707,4,5.2484151019617675
964,20.949047204314663,4,5.237261801078666
26385,20.792098710805035,2,10.396049355402518
40488,20.79208556495397,1,20.79208556495397
14543,20.7743701070284,1,20.7743701070284
25069,20.726761770103394,4,5.1816904425258485
17395,20.721865973619835,1,20.721865973619835
3771,20.66974762334368,3,6.889915874447894
8510,20.500561073077893,1,20.500561073077893
26985,20.49658307917536,2,10.24829153958768
39715,20.474881648878604,1,20.474881648878604
14450,20.466273365598973,2,10.233136682799486
6822,20.46010489056079,2,10.230052445280394
2268,20.42878431759214,1,20.42878431759214
26739,20.396718850338523,1,20.396718850338523
39741,20.332435060299503,1,20.332435060299503
22560,20.137058443963667,1,20.137058443963667
2908,20.08463951724063,2,10.042319758620314
6136,20.060719745057344,1,20.060719745057344
29165,20.046523977844437,1,20.046523977844437
5412,20.04108571043696,1,20.04108571043696
17103,20.03198061941475,1,20.03198061941475
2864,19.99717677904076,1,19.99717677904076
39861,19.90096311816594,2,9.95048155908297
17468,19.88943605847093,1,19.88943605847093
14478,19.884963263123183,1,19.884963263123183
14379,19.87413806255431,3,6.624712687518103
12964,19.826676500410784,2,9.913338250205392
3887,19.821605422341424,1,19.821605422341424
6564,19.818333426607403,1,19.818333426607403
15083,19.80318656510542,1,19.80318656510542
1546,19.789066802649728,1,19.789066802649728
5791,19.72466509187608,1,19.72466509187608
322,19.706727811434888,2,9.853363905717444
4008,19.70555026804285,2,9.852775134021424
2610,19.692287253686352,1,19.692287253686352
12523,19.6875704422541,1,19.6875704422541
40197,19.6875704422541,1,19.6875704422541
1092,19.683295119393296,2,9.841647559696648
27000,19.672408931822574,2,9.836204465911287
14775,19.66497867403552,1,19.66497867403552
2659,19.59725121242232,2,9.79862560621116
29175,19.569957263577567,1,19.569957263577567
25243,19.56477133090583,1,19.56477133090583
5917,19.555014900858563,1,19.555014900858563
3836,19.549415292533386,1,19.549415292533386
5765,19.522797523129864,1,19.522797523129864
18727,19.522553413854617,1,19.522553413854617
20667,19.497043174725995,1,19.497043174725995
39205,19.496046182231343,1,19.496046182231343
27978,19.48428133537105,1,19.48428133537105
18924,19.478111505619523,1,19.478111505619523
6006,19.473015844149728,1,19.473015844149728
4343,19.44639807474621,1,19.44639807474621
5245,19.420894529983055,3,6.473631509994352
22640,19.4057137998212,1,19.4057137998212
1779,19.313646698164664,1,19.313646698164664
224,19.249519204195778,5,3.8499038408391555
134,19.196815670728085,2,9.598407835364043
17338,19.178104382221452,3,6.392701460740484
5675,19.11462728445116,1,19.11462728445116
959,19.098720190069546,5,3.8197440380139094
855,19.07295406669344,14,1.3623538619066744
967,19.04748642747682,1,19.04748642747682
28226,18.99258442276927,2,9.496292211384635
25322,18.96309669680221,1,18.96309669680221
2530,18.936849544685263,1,18.936849544685263
5855,18.931141152117227,2,9.465570576058614
10849,18.875678621783663,2,9.437839310891832
3817,18.855238431938425,2,9.427619215969212
7651,18.80230783347147,1,18.80230783347147
19629,18.80006656063008,1,18.80006656063008
14687,18.798218559128397,1,18.798218559128397
12118,18.789010015086674,1,18.789010015086674
40232,18.780710198226494,2,9.390355099113247
24876,18.77521808055888,1,18.77521808055888
3815,18.772751535826856,2,9.386375767913428
26252,18.752846070705044,1,18.752846070705044
14472,18.748917513794908,1,18.748917513794908
7615,18.74366045453325,1,18.74366045453325
15026,18.735673313818303,1,18.735673313818303
25830,18.72710415849904,1,18.72710415849904
2403,18.70792896943532,1,18.70792896943532
406,18.68674989503477,1,18.68674989503477
14947,18.667660617979863,1,18.667660617979863
27309,18.660941622354944,1,18.660941622354944
3889,18.65076545959272,1,18.65076545959272
210,18.65076545959272,1,18.65076545959272
754,18.61122069285214,1,18.61122069285214
12464,18.5354984820948,1,18.5354984820948
41393,18.44168083897543,6,3.0736134731625717
39218,18.42990254390663,3,6.143300847968876
39616,18.40552830165013,7,2.6293611859500183
39215,18.348693149631018,2,9.174346574815509
14510,18.11865194256337,2,9.059325971281686
3874,17.94883053225875,5,3.58976610645175
3984,17.825444184382448,6,2.9709073640637413
5713,17.807949488733964,1,17.807949488733964
7543,17.695482618609937,1,17.695482618609937
22694,17.692053459537185,1,17.692053459537185
24355,17.64845576049972,1,17.64845576049972
5409,17.605973636297197,2,8.802986818148598
5212,17.57939693485342,2,8.78969846742671
12845,17.544863273114377,1,17.544863273114377
24374,17.5408307271025,1,17.5408307271025
20557,17.443619275940176,1,17.443619275940176
4899,17.438405650705498,3,5.8128018835685
5672,17.43179040586594,2,8.71589520293297
40229,17.42364828639253,2,8.711824143196266
39904,17.41011030104529,1,17.41011030104529
3779,17.407767016490794,4,4.351941754122699
26992,17.405369984658574,1,17.405369984658574
3935,17.33526453375931,2,8.667632266879655
240,17.281826699321623,1,17.281826699321623
41386,17.23257924173717,1,17.23257924173717
40374,17.232494181998035,1,17.232494181998035
635,17.232494181998035,1,17.232494181998035
25384,17.232494181998035,1,17.232494181998035
12191,17.205858110694706,1,17.205858110694706
14313,17.201431188884985,1,17.201431188884985
40671,17.162014549834815,2,8.581007274917408
2822,17.1232703512627,1,17.1232703512627
40502,17.115189793829696,1,17.115189793829696
20265,17.107444970963844,2,8.553722485481922
5633,17.00820425467456,3,5.6694014182248536
27935,16.996474558680486,1,16.996474558680486
25323,16.942991737815046,1,16.942991737815046
19590,16.82493379300071,1,16.82493379300071
17583,16.800432909044666,1,16.800432909044666
3843,16.64275288912878,2,8.32137644456439
14448,16.633960466517795,3,5.544653488839265
14456,16.524098252238456,1,16.524098252238456
25079,16.498515466028294,2,8.249257733014147
3951,16.463321204963037,1,16.463321204963037
40442,16.439604204269344,1,16.439604204269344
5502,16.42752354643757,1,16.42752354643757
5725,16.40604496871854,1,16.40604496871854
7667,16.32100076918903,1,16.32100076918903
5956,16.313061736818838,2,8.156530868409419
7776,16.299972606889778,2,8.149986303444889
15915,16.265524013966598,1,16.265524013966598
39263,16.218303524041563,1,16.218303524041563
5049,16.191800208437236,1,16.191800208437236
25076,16.19097357031938,2,8.09548678515969
4010,16.162556846799113,3,5.387518948933038
15041,16.13814436334557,2,8.069072181672786
41214,16.03741138116368,7,2.2910587687376682
407,16.000471042833958,3,5.33349034761132
21445,15.98047838817131,2,7.990239194085655
39772,15.977860747528345,3,5.325953582509448
17681,15.916391655697856,1,15.916391655697856
3792,15.91597347930873,2,7.957986739654365
15255,15.9032517667338,3,5.3010839222446
21391,15.884259229263916,1,15.884259229263916
3791,15.85132956494633,1,15.85132956494633
18827,15.83991821739031,2,7.919959108695155
17934,15.821911613263495,1,15.821911613263495
3751,15.786314170861163,2,7.893157085430581
18980,15.760983021636386,1,15.760983021636386
25067,15.739858930105331,2,7.869929465052666
20707,15.720774835833916,1,15.720774835833916
12691,15.67026552100032,1,15.67026552100032
27049,15.64736594629711,2,7.823682973148555
2442,15.602765492487295,1,15.602765492487295
813,15.474103952571337,1,15.474103952571337
20683,15.434080722644925,2,7.7170403613224625
41388,15.430624956403504,1,15.430624956403504
24860,15.4191022525052,1,15.4191022525052
12881,15.39713653094575,1,15.39713653094575
12090,15.392025654611663,2,7.6960128273058315
23107,15.385387997551,1,15.385387997551
5720,15.363623571093337,1,15.363623571093337
729,15.345879400390956,2,7.672939700195478
13192,15.338996627622306,1,15.338996627622306
4067,15.325977511840543,1,15.325977511840543
740,15.293086564860683,1,15.293086564860683
14538,15.289878887242471,3,5.09662629574749
19568,15.281241607135668,2,7.640620803567834
26440,15.280393018759048,1,15.280393018759048
14617,15.23489299857037,1,15.23489299857037
24530,15.134462518943428,1,15.134462518943428
25084,15.130855817806006,2,7.565427908903003
1476,15.130855817806006,1,15.130855817806006
24380,15.12781363015681,1,15.12781363015681
14545,15.086043179050483,3,5.028681059683494
15257,15.061300006772573,3,5.020433335590858
41378,15.051486926663069,1,15.051486926663069
41582,15.045355297592351,1,15.045355297592351
22367,15.025673461857536,1,15.025673461857536
24947,15.021249959091088,2,7.510624979545544
6065,15.018501946401894,1,15.018501946401894
15044,15.004829241175992,1,15.004829241175992
6196,14.980685231128389,1,14.980685231128389
914,14.968871545031154,4,3.7422178862577886
41209,14.967423469518192,1,14.967423469518192
6300,14.966339143416745,1,14.966339143416745
2492,14.956210604008321,4,3.7390526510020803
25320,14.949041412998302,1,14.949041412998302
20716,14.933527653675666,1,14.933527653675666
5686,14.921779120280917,1,14.921779120280917
40306,14.921779120280917,1,14.921779120280917
3828,14.92076581432072,1,14.92076581432072
7865,14.92026589206547,1,14.92026589206547
3785,14.918524541479329,1,14.918524541479329
8547,14.918524541479329,1,14.918524541479329
3830,14.912175319929384,2,7.456087659964692
10865,14.9105621822872,1,14.9105621822872
41652,14.909017280925973,1,14.909017280925973
22770,14.909017280925973,1,14.909017280925973
25864,14.908543736643754,1,14.908543736643754
21495,14.90677600808458,1,14.90677600808458
12960,14.905262779869132,1,14.905262779869132
22579,14.902543196264235,3,4.967514398754745
13042,14.901334222958994,2,7.450667111479497
2551,14.895357718714257,1,14.895357718714257
3946,14.890331475149628,1,14.890331475149628
41291,14.870228156483703,1,14.870228156483703
27756,14.852428365809054,1,14.852428365809054
39344,14.847345974564288,1,14.847345974564288
12535,14.84458145661613,1,14.84458145661613
22589,14.840679832414304,1,14.840679832414304
41220,14.823916930174388,1,14.823916930174388
14843,14.822278057381515,1,14.822278057381515
15280,14.806463125531428,1,14.806463125531428
869,14.801258069102959,8,1.8501572586378698
15213,14.797721649792662,2,7.398860824896331
15306,14.795058756115235,1,14.795058756115235
12694,14.7867732943049,2,7.39338664715245
25325,14.782068821459225,1,14.782068821459225
26847,14.77557462565474,1,14.77557462565474
40509,14.774978881106358,1,14.774978881106358
22728,14.774978881106358,1,14.774978881106358
6223,14.77425116768548,3,4.924750389228493
21069,14.761627938872568,2,7.380813969436284
25335,14.736182058179809,5,2.947236411635962
2614,14.73416983100351,3,4.911389943667836
6169,14.734044342581267,1,14.734044342581267
8145,14.726812855626559,2,7.363406427813279
15049,14.725035240213415,1,14.725035240213415
7866,14.690941653146378,2,7.345470826573189
17690,14.677772538085634,1,14.677772538085634
3377,14.649959087263449,1,14.649959087263449
5926,14.63008166145359,2,7.315040830726795
20402,14.60563921343102,1,14.60563921343102
14512,14.603721618493962,1,14.603721618493962
24897,14.581944579685612,1,14.581944579685612
14369,14.557800175082832,3,4.852600058360944
3182,14.557462264842798,1,14.557462264842798
14529,14.541320318546587,1,14.541320318546587
15013,14.53164842021352,1,14.53164842021352
20489,14.508019238991832,1,14.508019238991832
3795,14.506501770257128,1,14.506501770257128
3804,14.470852350958392,1,14.470852350958392
905,14.468601682777654,8,1.8085752103472068
41583,14.445316110059917,1,14.445316110059917
12868,14.429720628927967,2,7.214860314463984
2574,14.401980240083748,1,14.401980240083748
26993,14.393513793099373,2,7.196756896549687
40435,14.363379124922751,1,14.363379124922751
25098,14.345156309808887,3,4.781718769936296
41433,14.344399646843103,2,7.172199823421551
2417,14.341271505489088,1,14.341271505489088
26527,14.331971197175138,1,14.331971197175138
41336,14.326257037853008,1,14.326257037853008
21434,14.324054257190324,1,14.324054257190324
25324,14.323655185693463,3,4.774551728564488
27119,14.31714283845438,2,7.15857141922719
20712,14.3169680849788,1,14.3169680849788
3938,14.3169680849788,1,14.3169680849788
22547,14.3169680849788,1,14.3169680849788
26996,14.29869605375095,2,7.149348026875475
6012,14.295918613464048,1,14.295918613464048
17571,14.289748783712518,1,14.289748783712518
5909,14.289748783712518,1,14.289748783712518
27613,14.279098663741893,1,14.279098663741893
17700,14.247526746360482,2,7.123763373180241
20917,14.246148739936425,2,7.123074369968212
919,14.244572286292478,3,4.748190762097493
207,14.23347975911099,1,14.23347975911099
15184,14.231083343263956,1,14.231083343263956
26348,14.22193515389929,1,14.22193515389929
3994,14.216555397008966,3,4.738851799002989
41397,14.20937254204995,1,14.20937254204995
2409,14.20478151693504,2,7.10239075846752
19527,14.193859158156137,1,14.193859158156137
22606,14.186869231870851,1,14.186869231870851
20508,14.172479154627386,1,14.172479154627386
26852,14.17131906946193,1,14.17131906946193
39219,14.166365913707097,1,14.166365913707097
41385,14.165877284336345,1,14.165877284336345
29053,14.16434119743777,1,14.16434119743777
3839,14.15748834380079,2,7.078744171900395
27415,14.156129370290923,1,14.156129370290923
27087,14.15349206909451,1,14.15349206909451
22947,14.15349206909451,1,14.15349206909451
40865,14.15349206909451,1,14.15349206909451
27140,14.15349206909451,1,14.15349206909451
14630,14.151277432530977,1,14.151277432530977
22580,14.149629147832918,1,14.149629147832918
29061,14.140730229739564,1,14.140730229739564
41441,14.140730229739564,1,14.140730229739564
468,14.138577708989944,1,14.138577708989944
394,14.13720861106526,2,7.06860430553263
5690,14.13627432033464,2,7.06813716016732
41640,14.134560399988034,1,14.134560399988034
17421,14.134560399988034,1,14.134560399988034
25034,14.134560399988034,1,14.134560399988034
3800,14.134560399988034,1,14.134560399988034
5734,14.134560399988034,1,14.134560399988034
17857,14.134560399988034,1,14.134560399988034
18734,14.134560399988034,1,14.134560399988034
8507,14.130387458084918,1,14.130387458084918
28210,14.130387458084918,1,14.130387458084918
19565,14.122690998011713,1,14.122690998011713
6127,14.12261306596041,1,14.12261306596041
20789,14.119692368572677,3,4.706564122857559
5995,14.10748278429539,1,14.10748278429539
12113,14.107177687595168,1,14.107177687595168
26990,14.107177687595168,1,14.107177687595168
3816,14.102088893375296,1,14.102088893375296
20349,14.102088893375296,1,14.102088893375296
3833,14.102088893375296,1,14.102088893375296
41571,14.102088893375296,1,14.102088893375296
25070,14.09992440929173,1,14.09992440929173
5311,14.09992440929173,1,14.09992440929173
25379,14.09992440929173,1,14.09992440929173
26649,14.09447491540865,1,14.09447491540865
22571,14.091373035302304,1,14.091373035302304
5440,14.05979870026538,1,14.05979870026538
1737,14.057557427423989,1,14.057557427423989
39428,14.057557427423989,1,14.057557427423989
15267,14.057557427423989,1,14.057557427423989
20584,14.057557427423989,1,14.057557427423989
41235,14.054048759178595,1,14.054048759178595
1871,14.054048759178595,1,14.054048759178595
13530,14.054048759178595,1,14.054048759178595
15104,14.053628870513853,1,14.053628870513853
7878,14.041589255108928,1,14.041589255108928
20944,14.038382238360269,1,14.038382238360269
20497,14.036507955909237,1,14.036507955909237
15292,14.034266683067845,1,14.034266683067845
14898,14.034193709222311,1,14.034193709222311
14610,14.030338126157709,1,14.030338126157709
5255,14.030338126157709,1,14.030338126157709
41531,14.015091494004125,1,14.015091494004125
14727,14.015091494004125,1,14.015091494004125
39936,14.010273747435692,1,14.010273747435692
7448,13.992086565769158,2,6.996043282884579
39995,13.989664083373569,1,13.989664083373569
25326,13.979462563933428,2,6.989731281966714
17650,13.972945449496326,1,13.972945449496326
15245,13.972945449496326,1,13.972945449496326
3018,13.972945449496326,1,13.972945449496326
27201,13.972945449496326,1,13.972945449496326
27827,13.972945449496326,1,13.972945449496326
789,13.96817050739757,1,13.96817050739757
25078,13.949654705140182,1,13.949654705140182
9481,13.92405106102769,1,13.92405106102769
14984,13.85822450007158,1,13.85822450007158
29007,13.736245863769554,7,1.9623208376813648
25368,13.661437333075668,2,6.830718666537834
19593,13.643021971879405,1,13.643021971879405
41284,13.36312932001806,4,3.340782330004515
1083,13.288859939837167,11,1.2080781763488333
5927,13.227935821984422,2,6.613967910992211
17679,13.19637610532669,1,13.19637610532669
23004,13.19637610532669,1,13.19637610532669
26644,12.81487509032181,5,2.562975018064362
223,12.641022885892431,2,6.3205114429462155
29008,12.59760815103767,14,0.8998291536455479
40211,12.537235242823872,2,6.268617621411936
14699,12.483449196382313,2,6.241724598191157
3892,12.34067345054827,4,3.0851683626370674
14425,11.960983180093468,2,5.980491590046734
24404,11.663907006957519,2,5.8319535034787595
18729,11.64664773498112,2,5.82332386749056
24890,11.625662793344066,3,3.8752209311146886
3990,11.586636135440239,2,5.7933180677201195
25365,11.485986833411857,4,2.8714967083529643
820,11.391417780044623,2,5.695708890022312
39615,11.33240880965063,2,5.666204404825315
14531,11.310444157785584,4,2.827611039446396
2534,11.292067622147963,2,5.646033811073981
40038,11.279103204650893,1,11.279103204650893
5780,11.256910880548803,1,11.256910880548803
25330,11.250559712797465,5,2.250111942559493
5418,11.181799690365239,2,5.590899845182619
6361,11.167313218472971,1,11.167313218472971
1187,11.14626374695822,1,11.14626374695822
39862,11.125492562167976,1,11.125492562167976
625,11.080426305518678,2,5.540213152759339
5748,11.055881524519187,2,5.527940762259593
25036,11.048079698474687,1,11.048079698474687
2638,11.040688913571309,1,11.040688913571309
4274,11.023151449723802,1,11.023151449723802
4061,11.020058797656114,3,3.673352932552038
4072,11.019035894431378,1,11.019035894431378
41218,11.01390139721463,1,11.01390139721463
26788,11.005374640057148,1,11.005374640057148
5676,10.98658440618082,1,10.98658440618082
7817,10.978296774021016,1,10.978296774021016
29184,10.963293661824675,1,10.963293661824675
5360,10.95936510491454,1,10.95936510491454
1285,10.918016499302599,2,5.4590082496512995
8108,10.909198052925792,1,10.909198052925792
24499,10.89246667233168,1,10.89246667233168
17406,10.874655774753863,1,10.874655774753863
7433,10.861597826495371,1,10.861597826495371
257,10.85599059636018,1,10.85599059636018
5639,10.84054835498062,1,10.84054835498062
41163,10.81385707983983,1,10.81385707983983
12921,10.787399130319608,1,10.787399130319608
8766,10.779801014147017,1,10.779801014147017
17372,10.779754274584567,1,10.779754274584567
17051,10.75400228356652,1,10.75400228356652
51,10.752702656715693,1,10.752702656715693
5702,10.738669187642248,2,5.369334593821124
39257,10.736574358428925,1,10.736574358428925
25328,10.723812519073975,1,10.723812519073975
13496,10.717642689322448,1,10.717642689322448
12292,10.717642689322448,1,10.717642689322448
3879,10.71383526485246,1,10.71383526485246
13124,10.71383526485246,1,10.71383526485246
7561,10.71383526485246,1,10.71383526485246
2824,10.71383526485246,1,10.71383526485246
6227,10.71383526485246,1,10.71383526485246
39526,10.71383526485246,1,10.71383526485246
5888,10.71383526485246,2,5.35691763242623
19562,10.71383526485246,1,10.71383526485246
40508,10.71383526485246,1,10.71383526485246
2427,10.71383526485246,1,10.71383526485246
41613,10.71383526485246,1,10.71383526485246
4068,10.71383526485246,1,10.71383526485246
8096,10.71383526485246,2,5.35691763242623
26725,10.710487779107737,2,5.3552438895538685
17123,10.707375175581236,1,10.707375175581236
3052,10.707375175581236,1,10.707375175581236
16978,10.702066127352472,1,10.702066127352472
40214,10.69466007578874,1,10.69466007578874
41004,10.688443506474762,1,10.688443506474762
41047,10.688443506474762,1,10.688443506474762
41377,10.688443506474762,1,10.688443506474762
41608,10.684636082004774,1,10.684636082004774
26433,10.684636082004774,1,10.684636082004774
18984,10.684636082004774,1,10.684636082004774
20491,10.684636082004774,1,10.684636082004774
12008,10.684636082004774,1,10.684636082004774
41637,10.684636082004774,1,10.684636082004774
2406,10.684636082004774,1,10.684636082004774
23074,10.684636082004774,1,10.684636082004774
3913,10.684636082004774,1,10.684636082004774
724,10.684636082004774,1,10.684636082004774
6000,10.665460892941054,1,10.665460892941054
26578,10.659794787936832,1,10.659794787936832
2514,10.653556697687144,3,3.5511855658957145
27057,10.631309114627127,1,10.631309114627127
16234,10.630595605089146,1,10.630595605089146
3197,10.630595605089146,1,10.630595605089146
1264,10.630595605089146,1,10.630595605089146
19496,10.605417090496102,1,10.605417090496102
17896,10.585462567640596,1,10.585462567640596
20006,10.583809546511734,1,10.583809546511734
41615,10.571047707156788,1,10.571047707156788
41137,10.569795950041536,1,10.569795950041536
968,10.569795950041536,1,10.569795950041536
20541,10.569795950041536,1,10.569795950041536
10726,10.569795950041536,1,10.569795950041536
3895,10.562757204326148,2,5.281378602163074
13168,10.519086729569052,3,3.506362243189684
8,10.170925009156296,1,10.170925009156296
10753,10.146006221354233,1,10.146006221354233
7725,10.093945662479625,2,5.046972831239812
15238,10.071897737592664,2,5.035948868796332
17883,10.055441417808495,1,10.055441417808495
20505,10.049709975519868,3,3.349903325173289
14764,10.039139443832285,2,5.019569721916143
18865,10.037555024152926,2,5.018777512076463
14463,10.017930945376506,2,5.008965472688253
3114,10.000028318736566,2,5.000014159368283
13108,9.97621000201857,1,9.97621000201857
209,9.957309949085731,1,9.957309949085731
8274,9.95051445917381,2,4.975257229586905
5878,9.949799057722364,1,9.949799057722364
5447,9.927307088864321,2,4.963653544432161
41572,9.882061661322227,1,9.882061661322227
8166,9.875372127052415,1,9.875372127052415
27820,9.801269536042447,1,9.801269536042447
40693,9.74980935404208,1,9.74980935404208
27056,9.716273307439335,2,4.858136653719668
20593,9.693790959239696,1,9.693790959239696
41435,9.667032903847828,1,9.667032903847828
41580,9.648132850914989,1,9.648132850914989
7637,9.583636429185184,1,9.583636429185184
17090,9.583636429185184,1,9.583636429185184
41573,9.580086579650908,1,9.580086579650908
40319,9.567324740295962,1,9.567324740295962
14746,9.567324740295962,1,9.567324740295962
6478,9.564112652610763,1,9.564112652610763
3811,9.56118652671807,1,9.56118652671807
14516,9.56002815808172,1,9.56002815808172
10851,9.5206014608833,1,9.5206014608833
22642,9.495090351047796,1,9.495090351047796
73,9.401072993060529,2,4.7005364965302645
19607,9.264560188847458,3,3.088186729615819
10882,9.207735065780575,1,9.207735065780575
218,9.130361492069223,1,9.130361492069223
40100,9.043690212078562,1,9.043690212078562
27446,8.983472881952293,1,8.983472881952293
25410,8.963077279821597,2,4.481538639910799
25770,8.931044923072594,1,8.931044923072594
25044,8.927077559592488,1,8.927077559592488
2662,8.927077559592488,1,8.927077559592488
22862,8.917966972895444,1,8.917966972895444
27004,8.913037096198735,1,8.913037096198735
14627,8.905205133540498,1,8.905205133540498
308,8.905205133540498,1,8.905205133540498
40191,8.905205133540498,1,8.905205133540498
6766,8.901401266231863,1,8.901401266231863
12490,8.899066919962605,1,8.899066919962605
14335,8.899066919962605,1,8.899066919962605
20729,8.899035303788969,1,8.899035303788969
39918,8.899035303788969,1,8.899035303788969
220,8.883457377669647,1,8.883457377669647
17388,8.879891730898885,1,8.879891730898885
5608,8.877701496749868,1,8.877701496749868
25362,8.849427407546457,2,4.424713703773229
5754,8.848939427711748,1,8.848939427711748
20679,8.845978271725876,1,8.845978271725876
3217,8.836904844502058,1,8.836904844502058
10027,8.836177588356803,1,8.836177588356803
15141,8.830007758605273,1,8.830007758605273
17727,8.787050600010303,1,8.787050600010303
617,8.767133017863603,1,8.767133017863603
5523,8.760733939987373,1,8.760733939987373
5732,8.708228949470204,2,4.354114474735102
8343,8.680442455715601,1,8.680442455715601
27397,8.679656477098078,1,8.679656477098078
414,8.49096633016706,2,4.24548316508353
4625,8.396571320211745,2,4.1982856601058725
3890,8.360912713454073,3,2.7869709044846913
22879,8.329901169880618,3,2.776633723293539
25319,8.075346159431533,3,2.6917820531438443
3982,8.061237206492308,3,2.6870790688307693
17588,8.024466468608436,2,4.012233234304218
5921,7.895960097869685,1,7.895960097869685
14458,7.846080460587056,2,3.923040230293528
20519,7.843149117253341,1,7.843149117253341
3875,7.798722691873565,2,3.8993613459367826
7453,7.563545116289877,1,7.563545116289877
5792,7.528432797064258,1,7.528432797064258
1066,7.52828232476891,2,3.764141162384455
15240,7.513538218811991,3,2.5045127396039972
5899,7.505131011769285,1,7.505131011769285
15248,7.499346957569364,1,7.499346957569364
14788,7.496958621080725,1,7.496958621080725
2579,7.49634145115442,2,3.74817072557721
40084,7.477399385349824,1,7.477399385349824
16908,7.446347352920845,1,7.446347352920845
25984,7.438306850137398,1,7.438306850137398
13129,7.431452712023878,1,7.431452712023878
7711,7.431452712023878,1,7.431452712023878
17963,7.431452712023878,1,7.431452712023878
20566,7.431452712023878,1,7.431452712023878
23002,7.418690872668931,1,7.418690872668931
40927,7.418690872668931,1,7.418690872668931
785,7.418690872668931,1,7.418690872668931
8122,7.418690872668931,1,7.418690872668931
41049,7.414361693435336,2,3.707180846717668
4347,7.412521042917403,1,7.412521042917403
41484,7.412521042917403,1,7.412521042917403
40515,7.412521042917403,1,7.412521042917403
4351,7.404816677710911,1,7.404816677710911
27392,7.404816677710911,1,7.404816677710911
4841,7.404816677710911,1,7.404816677710911
26141,7.404816677710911,1,7.404816677710911
9108,7.404816677710911,1,7.404816677710911
2830,7.404816677710911,1,7.404816677710911
40620,7.391425542847112,1,7.391425542847112
20063,7.380711611950482,1,7.380711611950482
19597,7.3621487021901,1,7.3621487021901
27551,7.352507873472237,1,7.352507873472237
13139,7.350776200795285,1,7.350776200795285
5241,7.350172951050093,2,3.6750864755250463
5261,7.331971522422003,1,7.331971522422003
21216,7.309784922590575,1,7.309784922590575
674,7.309784922590575,1,7.309784922590575
26653,7.309784922590575,1,7.309784922590575
17927,7.242466740816092,1,7.242466740816092
6399,7.208933261243631,1,7.208933261243631
13656,7.126559163846473,1,7.126559163846473
26720,7.1056673797229974,3,2.3685557932409993
41445,7.101070838354284,1,7.101070838354284
39308,7.077964679007613,4,1.7694911697519033
3928,7.023756373435554,1,7.023756373435554
15058,7.02372475726192,1,7.02372475726192
14501,6.9892743092986205,1,6.9892743092986205
40171,6.949755120515677,1,6.949755120515677
17390,6.9471165009589,1,6.9471165009589
20193,6.937358222588619,1,6.937358222588619
14569,6.927987015682513,1,6.927987015682513
402,6.912317120406182,1,6.912317120406182
41454,6.900394888517824,1,6.900394888517824
6013,6.881463219411349,1,6.881463219411349
909,6.696872251205917,9,0.7440969168006575
912,6.499879501325556,6,1.083313250220926
39622,6.414086474209422,1,6.414086474209422
15024,6.369230627582534,2,3.184615313791267
10702,6.262891868133096,3,2.087630622711032
8047,6.178561585124176,2,3.089280792562088
40576,5.94719819894404,2,2.97359909947202
20921,5.750661686981778,2,2.875330843490889
27418,5.615904050021176,3,1.8719680166737254
18949,5.555845458853887,3,1.851948486284629
2419,5.486258395682281,4,1.3715645989205703
40219,5.48140643493063,2,2.740703217465315
5249,5.387756053794282,3,1.7959186845980941
14780,5.379824627227431,2,2.6899123136137155
15289,5.374411903726527,1,5.374411903726527
25075,5.0210829475736904,2,2.5105414737868452
14827,5.008478484482765,2,2.5042392422413826
25327,5.000961838635336,2,2.500480919317668
781,4.977629834795993,2,2.4888149173979963
13145,4.967855110381216,1,4.967855110381216
26719,4.939988140685393,2,2.4699940703426964
4832,4.889969503568415,1,4.889969503568415
17325,4.888462483526003,1,4.888462483526003
15273,4.881392049166591,1,4.881392049166591
24431,4.871356938127695,1,4.871356938127695
40343,4.870358510002913,3,1.6234528366676377
40357,4.855215650222671,1,4.855215650222671
3910,4.846708866852195,2,2.4233544334260975
6257,4.8451814469787164,1,4.8451814469787164
8142,4.83282720130242,1,4.83282720130242
25420,4.814565631076957,2,2.4072828155384784
19533,4.795952824892174,1,4.795952824892174
26736,4.795952824892174,1,4.795952824892174
14589,4.78499174725874,1,4.78499174725874
14724,4.753704671242206,1,4.753704671242206
10919,4.728545324830258,1,4.728545324830258
5641,4.717696907968547,1,4.717696907968547
41394,4.698796855035705,1,4.698796855035705
5219,4.698796855035705,1,4.698796855035705
2912,4.673637508623758,1,4.673637508623758
18795,4.673637508623758,1,4.673637508623758
3778,4.673637508623758,1,4.673637508623758
20665,4.668573216443278,4,1.1671433041108195
41217,4.661593543093112,4,1.165398385773278
6162,4.645999556085166,1,4.645999556085166
5920,4.5910104807864975,2,2.2955052403932488
3859,4.578130410343947,1,4.578130410343947
12802,4.551888319207071,1,4.551888319207071
13060,4.498611784437073,2,2.2493058922185365
27019,4.431495299862877,5,0.8862990599725753
25688,4.369381955096263,1,4.369381955096263
390,4.357579476435108,3,1.4525264921450358
39927,4.349125499038351,1,4.349125499038351
12133,4.279940530141032,1,4.279940530141032
3772,4.250618637157226,2,2.125309318578613
7855,4.245216134288589,1,4.245216134288589
21217,4.237459584922712,1,4.237459584922712
20573,4.236967672688194,1,4.236967672688194
21077,4.227197858915224,1,4.227197858915224
22701,4.205325432863231,1,4.205325432863231
21075,4.205325432863231,1,4.205325432863231
27090,4.205325432863231,1,4.205325432863231
3918,4.202679965209272,1,4.202679965209272
14897,4.197415717100041,1,4.197415717100041
5124,4.197415717100041,1,4.197415717100041
22613,4.191451237905211,1,4.191451237905211
12619,4.191451237905211,1,4.191451237905211
6566,4.178240528036321,1,4.178240528036321
18825,4.099783514162851,1,4.099783514162851
26645,4.086679528728307,1,4.086679528728307
7980,4.0864725258733055,1,4.0864725258733055
15072,4.066975481429847,1,4.066975481429847
39850,4.065487868384775,1,4.065487868384775
5669,4.027270211422987,1,4.027270211422987
5642,3.963239970996368,1,3.963239970996368
14998,3.856138331286007,2,1.9280691656430036
40955,3.852044378316084,1,3.852044378316084
26751,3.852044378316084,1,3.852044378316084
39650,3.7325877377690393,2,1.8662938688845196
17695,3.699302159355965,1,3.699302159355965
26733,3.6919227658660145,2,1.8459613829330073
24335,3.671466937205844,1,3.671466937205844
5658,3.6367183808095622,3,1.212239460269854
13195,3.631463673734309,1,3.631463673734309
20531,3.6228178505731483,3,1.2076059501910494
19553,3.593950629570448,1,3.593950629570448
10833,3.5551692836137225,1,3.5551692836137225
39282,3.537460891961824,3,1.1791536306539412
14378,3.531795771889773,1,3.531795771889773
19784,3.531795771889773,1,3.531795771889773
14619,3.512774639055718,1,3.512774639055718
14979,3.5123870569178557,3,1.1707956856392852
15030,3.3939073013717107,1,3.3939073013717107
40573,3.3861718146610014,1,3.3861718146610014
14793,3.322127114430625,1,3.322127114430625
475,3.3090262066541505,1,3.3090262066541505
40418,3.2973727420611736,2,1.6486863710305868
39381,3.2713644664535066,5,0.6542728932907014
5453,3.2713424167259975,2,1.6356712083629987
22661,3.2358875930797297,1,3.2358875930797297
24874,3.213051601470463,3,1.0710172004901544
14973,3.198577760292642,1,3.198577760292642
761,3.1238284355531416,1,3.1238284355531416
3894,3.052683668530798,3,1.0175612228435993
21350,3.0412535805714294,5,0.6082507161142858
805,3.0248736616480723,1,3.0248736616480723
14507,2.934064756252668,1,2.934064756252668
41243,2.8772520584653334,2,1.4386260292326667
3784,2.838557714363119,3,0.9461859047877064
4695,2.8196333306064636,2,1.4098166653032318
2552,2.8045218390519926,2,1.4022609195259963
14480,2.7716360768908377,3,0.9238786922969459
14656,2.756326984873458,1,2.756326984873458
29166,2.7558739182017726,2,1.3779369591008863
41007,2.746444992028495,1,2.746444992028495
18928,2.736910877536413,2,1.3684554387682064
3983,2.7222862004725226,2,1.3611431002362613
29051,2.711012983441663,3,0.9036709944805543
20678,2.647466502329656,1,2.647466502329656
26999,2.6010698375084407,1,2.6010698375084407
8148,2.5996432761518005,1,2.5996432761518005
4022,2.5996432761518005,1,2.5996432761518005
3826,2.59559625466604,2,1.29779812733302
17582,2.580711607045325,1,2.580711607045325
40960,2.5680520384559014,2,1.2840260192279507
3213,2.515837883886785,2,1.2579189419433925
4029,2.5139818847968427,1,2.5139818847968427
12910,2.492959524329788,1,2.492959524329788
1988,2.48647007952765,1,2.48647007952765
39516,2.484340930474912,1,2.484340930474912
41053,2.4785981913703616,1,2.4785981913703616
15225,2.4785981913703616,1,2.4785981913703616
27546,2.474538522456749,3,0.8248461741522496
41559,2.4466382518296848,1,2.4466382518296848
5843,2.4397514580629114,1,2.4397514580629114
23487,2.391019832679728,1,2.391019832679728
15254,2.3866577994104423,2,1.1933288997052212
400,2.3662119305032387,3,0.7887373101677463
14327,2.345535516279833,2,1.1727677581399165
3915,2.3265653316325072,2,1.1632826658162536
12170,2.291956603903967,3,0.7639855346346557
15008,2.2480888901081935,2,1.1240444450540967
5173,2.2366626934789986,1,2.2366626934789986
14136,2.2080730833810374,1,2.2080730833810374
2957,2.204563864634817,1,2.204563864634817
41314,2.202668931374414,1,2.202668931374414
14688,2.20149101762044,1,2.20149101762044
624,2.189000304668205,2,1.0945001523341025
40496,2.1622697221641136,3,0.7207565740547045
41057,2.1596255189816183,1,2.1596255189816183
14554,2.155644768706079,2,1.0778223843530395
40072,2.150389983878052,1,2.150389983878052
8447,2.140693033459657,1,2.140693033459657
5465,2.1340935017840814,1,2.1340935017840814
40558,2.1301649448739446,1,2.1301649448739446
2603,2.113289894341214,1,2.113289894341214
15001,2.0992206803753253,1,2.0992206803753253
14606,2.0970649174811955,1,2.0970649174811955
39515,2.0868183924816197,2,1.0434091962408099
23169,2.0868183924816197,1,2.0868183924816197
21408,2.0868183924816197,1,2.0868183924816197
26655,2.0868183924816197,1,2.0868183924816197
4051,2.075470395745862,2,1.037735197872931
20943,2.0676432034178998,1,2.0676432034178998
7859,2.0649578235947246,2,1.0324789117973623
26643,2.0635276481254734,1,2.0635276481254734
395,2.062237775661388,4,0.515559443915347
39871,2.061099017565813,2,1.0305495087829064
41298,2.059599091215337,1,2.059599091215337
2967,2.056368125570367,1,2.056368125570367
6217,2.0154851831289524,1,2.0154851831289524
25107,2.0115068973995758,1,2.0115068973995758
21461,1.989918238221886,1,1.989918238221886
1928,1.9884050100064368,1,1.9884050100064368
7622,1.9844764530963,1,1.9844764530963
21456,1.9817767972968043,2,0.9908883986484022
40363,1.9772349077011842,2,0.9886174538505921
41263,1.965052018721301,1,1.965052018721301
2443,1.9635200894564,1,1.9635200894564
10759,1.957481287547966,1,1.957481287547966
8069,1.9568153666552957,2,0.9784076833276478
17361,1.9470245989480817,1,1.9470245989480817
2667,1.944963811220286,1,1.944963811220286
3825,1.9368984472120223,1,1.9368984472120223
5965,1.932315714188512,2,0.966157857094256
39296,1.927581787590841,3,0.6425272625302804
17154,1.927187621039972,1,1.927187621039972
22751,1.9117884804886125,1,1.9117884804886125
3218,1.89717088472144,4,0.47429272118036
29027,1.892533996294399,1,1.892533996294399
213,1.8898877283805184,1,1.8898877283805184
14315,1.8789467545260268,1,1.8789467545260268
24899,1.8787902890844836,1,1.8787902890844836
40543,1.874058692623399,1,1.874058692623399
18977,1.874058692623399,2,0.9370293463116995
7629,1.874058692623399,1,1.874058692623399
8452,1.874058692623399,1,1.874058692623399
21079,1.87174770999274,1,1.87174770999274
41375,1.8714213914269864,1,1.8714213914269864
730,1.8714213914269864,1,1.8714213914269864
2142,1.8613886404138649,1,1.8613886404138649
27350,1.8586595520720397,1,1.8586595520720397
15219,1.8586595520720397,1,1.8586595520720397
14500,1.8586595520720397,1,1.8586595520720397
27048,1.856433070232314,2,0.928216535116157
12216,1.855842347162635,1,1.855842347162635
39284,1.8548835035596791,1,1.8548835035596791
19787,1.8524897223205112,1,1.8524897223205112
21451,1.8472456254044385,1,1.8472456254044385
39994,1.8241012328051132,1,1.8241012328051132
272,1.8215522079540027,1,1.8215522079540027
19596,1.8200182157077724,1,1.8200182157077724
15249,1.8165327960004976,1,1.8165327960004976
27570,1.808790368599056,1,1.808790368599056
4004,1.8058048051929225,3,0.6019349350643075
5970,1.8042752569946736,1,1.8042752569946736
21262,1.802620538847528,1,1.802620538847528
40090,1.802620538847528,1,1.802620538847528
6871,1.802567071840102,1,1.802567071840102
4564,1.8011818563341324,1,1.8011818563341324
5975,1.8010695439208773,2,0.9005347719604386
20363,1.7998301019468468,1,1.7998301019468468
17833,1.7988131143775388,1,1.7988131143775388
21493,1.7988131143775388,1,1.7988131143775388
3780,1.7988131143775388,1,1.7988131143775388
40188,1.7986385149299653,1,1.7986385149299653
7421,1.792353025106315,1,1.792353025106315
26958,1.7796379253138188,1,1.7796379253138188
6289,1.7796379253138188,1,1.7796379253138188
11561,1.7795911857513682,1,1.7795911857513682
11,1.7795911857513682,2,0.8897955928756841
15130,1.7786089747466354,3,0.5928696582488785
21439,1.77342135599984,1,1.77342135599984
14684,1.769613931529851,1,1.769613931529851
12840,1.769613931529851,1,1.769613931529851
39529,1.769613931529851,2,0.8848069657649255
2596,1.769613931529851,1,1.769613931529851
40310,1.769613931529851,1,1.769613931529851
14674,1.769613931529851,1,1.769613931529851
253,1.769613931529851,1,1.769613931529851
923,1.7588946009760866,15,0.11725964006507245
14860,1.755092938362801,1,1.755092938362801
25072,1.74874287150028,3,0.5829142905000934
14853,1.7363582795265116,1,1.7363582795265116
27300,1.7253616224267907,1,1.7253616224267907
41651,1.7162869641522078,1,1.7162869641522078
21509,1.711253737239703,1,1.711253737239703
5914,1.6892870698137454,1,1.6892870698137454
20502,1.6849115480255068,1,1.6849115480255068
25094,1.6664336178619306,4,0.41660840446548264
3801,1.6618210257586554,1,1.6618210257586554
14424,1.6573185354769273,4,0.41432963386923183
2515,1.6057484119963823,3,0.5352494706654608
5944,1.601156951111844,2,0.800578475555922
40026,1.596376267129231,1,1.596376267129231
40614,1.5823561520504066,1,1.5823561520504066
5652,1.5813731549328929,1,1.5813731549328929
3753,1.5813731549328929,1,1.5813731549328929
22900,1.5736658017280707,1,1.5736658017280707
4036,1.5478328487143416,3,0.5159442829047806
25058,1.5161786869647964,2,0.7580893434823982
26975,1.4839881264334709,1,1.4839881264334709
908,1.4768003922850454,1,1.4768003922850454
3766,1.4760447292109264,3,0.4920149097369755
20408,1.4706959417082603,2,0.7353479708541302
39319,1.4685022925316151,1,1.4685022925316151
12777,1.4406821729254096,1,1.4406821729254096
3777,1.4364631496366451,2,0.7182315748183226
13199,1.4332645865839184,1,1.4332645865839184
39304,1.42327908109121,2,0.711639540545605
6107,1.4107645922130998,1,1.4107645922130998
15051,1.3988423603247409,1,1.3988423603247409
20907,1.389011392356133,1,1.389011392356133
39925,1.388471854598772,2,0.694235927299386
5472,1.3860805209697942,1,1.3860805209697942
41183,1.3860805209697942,1,1.3860805209697942
26535,1.3833631029964852,1,1.3833631029964852
15264,1.3800488101055777,1,1.3800488101055777
2627,1.379910691218266,1,1.379910691218266
19573,1.372206326011775,1,1.372206326011775
6951,1.372206326011775,1,1.372206326011775
26430,1.372206326011775,1,1.372206326011775
4019,1.3609650200839385,1,1.3609650200839385
7016,1.360314840153618,1,1.360314840153618
3868,1.3532823429487,3,0.4510941143162333
14985,1.3514527383440345,2,0.6757263691720172
1076,1.3476363441261745,1,1.3476363441261745
5382,1.3400279474837913,1,1.3400279474837913
27391,1.3208027583796549,2,0.6604013791898274
27134,1.315706283763472,1,1.315706283763472
12935,1.2862427777538563,1,1.2862427777538563
5220,1.2771745708914393,1,1.2771745708914393
26709,1.2771745708914393,1,1.2771745708914393
39298,1.2711093732114598,1,1.2711093732114598
14711,1.2588963041011063,1,1.2588963041011063
27311,1.2543462410037938,1,1.2543462410037938
738,1.24215748662421,1,1.24215748662421
12726,1.2399162137828184,1,1.2399162137828184
3144,1.2399162137828184,1,1.2399162137828184
2577,1.2354461880709535,1,1.2354461880709535
28544,1.233659337847088,1,1.233659337847088
7438,1.231136628156616,1,1.231136628156616
2420,1.2188667422680644,1,1.2188667422680644
26598,1.210528248988167,1,1.210528248988167
12604,1.1977664096332203,2,0.5988832048166102
14421,1.1867348981094228,2,0.5933674490547114
5929,1.185556898430079,1,1.185556898430079
7743,1.185556898430079,1,1.185556898430079
8072,1.1843534723205489,1,1.1843534723205489
41268,1.1815696167495353,2,0.5907848083747677
5768,1.175863957106696,1,1.175863957106696
40016,1.1556891057499803,1,1.1556891057499803
28200,1.1483008886094566,1,1.1483008886094566
25049,1.146059615768065,1,1.146059615768065
5393,1.1401178446616806,1,1.1401178446616806
25366,1.1343766665599029,1,1.1343766665599029
4071,1.128434527111645,2,0.5642172635558225
20199,1.1283312956202398,1,1.1283312956202398
5264,1.1164181436383445,1,1.1164181436383445
3866,1.1149700632612234,1,1.1149700632612234
5640,1.1014110285995855,1,1.1014110285995855
10761,1.0874021120999426,1,1.0874021120999426
5290,1.05193797511542,1,1.05193797511542
2962,1.0488212811976616,2,0.5244106405988308
13092,1.0487950538731223,1,1.0487950538731223
25225,1.0435135072597617,1,1.0435135072597617
14660,1.038711433701392,1,1.038711433701392
910,1.0369749908622137,2,0.5184874954311068
27348,1.0311168927754393,1,1.0311168927754393
11976,1.0195243414092765,1,1.0195243414092765
25994,1.017888357033105,1,1.017888357033105
5945,1.000932546278125,1,1.000932546278125
5726,0.99654933185207,1,0.99654933185207
14924,0.9940568009498042,1,0.9940568009498042
3936,0.9895748546567196,1,0.9895748546567196
27252,0.9888778293887976,1,0.9888778293887976
5243,0.9558934504655913,2,0.47794672523279563
621,0.9483916705366704,1,0.9483916705366704
24924,0.947627088388429,2,0.4738135441942145
27399,0.9396805496353224,1,0.9396805496353224
15057,0.9318651719975932,1,0.9318651719975932
22821,0.9286136255924816,1,0.9286136255924816
4332,0.9254007639589633,2,0.46270038197948166
208,0.918801032231442,1,0.918801032231442
14324,0.9116093383725384,1,0.9116093383725384
13100,0.9088897547121932,1,0.9088897547121932
14496,0.9054642958065089,2,0.45273214790325444
200,0.8971584147550655,2,0.44857920737753276
27419,0.8900580069289885,1,0.8900580069289885
13068,0.8900580069289885,1,0.8900580069289885
20784,0.8816995680970036,1,0.8816995680970036
23067,0.8815133600172008,1,0.8815133600172008
40564,0.8815133600172008,1,0.8815133600172008
3949,0.878055097990108,1,0.878055097990108
4865,0.8710511447704361,1,0.8710511447704361
2887,0.8629423235092109,1,0.8629423235092109
5304,0.8628793159587743,1,0.8628793159587743
3841,0.8492180615845442,1,0.8492180615845442
15196,0.8437041268950543,1,0.8437041268950543
6407,0.8431426103179388,1,0.8431426103179388
25095,0.8430482318330159,1,0.8430482318330159
22520,0.8281908942085308,1,0.8281908942085308
6751,0.8227766333552377,1,0.8227766333552377
14640,0.8167670064611157,1,0.8167670064611157
4810,0.8167670064611157,1,0.8167670064611157
20400,0.8132074563690036,1,0.8132074563690036
15241,0.8047462501240816,3,0.26824875004136056
25099,0.798872442919687,1,0.798872442919687
4359,0.7941373413408452,1,0.7941373413408452
14034,0.7924191901119462,1,0.7924191901119462
14586,0.7802507129890965,1,0.7802507129890965
5181,0.7714403261860088,1,0.7714403261860088
12949,0.7701103576788252,1,0.7701103576788252
27494,0.7621143578542173,1,0.7621143578542173
2862,0.7502241116731728,2,0.3751120558365864
5808,0.7502241116731728,1,0.7502241116731728
3893,0.7498076026900418,2,0.3749038013450209
24974,0.7458437018938385,2,0.37292185094691926
2523,0.7445184951226713,1,0.7445184951226713
27385,0.7444908800151551,2,0.37224544000757753
39233,0.7428720436261933,1,0.7428720436261933
3774,0.7409303075160639,1,0.7409303075160639
323,0.7351295250228763,1,0.7351295250228763
5908,0.7222492917695646,1,0.7222492917695646
14874,0.7202253826584997,1,0.7202253826584997
21056,0.7117909791768289,1,0.7117909791768289
20899,0.7069608269956634,1,0.7069608269956634
26784,0.6836451818115733,1,0.6836451818115733
17545,0.6795648336653197,1,0.6795648336653197
5636,0.672849676877609,1,0.672849676877609
20538,0.6709835899105362,2,0.3354917949552681
40678,0.6646008261027021,1,0.6646008261027021
3812,0.6631867556353571,1,0.6631867556353571
21329,0.6612898005410114,1,0.6612898005410114
14644,0.6590266666080405,1,0.6590266666080405
1462,0.6499025693309477,1,0.6499025693309477
41384,0.6496326419813356,1,0.6496326419813356
13030,0.636102666065397,1,0.636102666065397
39287,0.6328446645208806,1,0.6328446645208806
440,0.6133521603690639,1,0.6133521603690639
27273,0.6129576230286348,1,0.6129576230286348
10,0.6080285589083234,1,0.6080285589083234
5081,0.6056929089326202,1,0.6056929089326202
5682,0.582133865838957,1,0.582133865838957
39827,0.5788550169892345,1,0.5788550169892345
3133,0.5734790380406136,1,0.5734790380406136
17641,0.5699804895032883,1,0.5699804895032883
397,0.5565898711562193,2,0.27829493557810964
4079,0.538405547646537,1,0.538405547646537
10332,0.5340019552307411,1,0.5340019552307411
6826,0.5300733983206045,1,0.5300733983206045
25855,0.5254675904949103,1,0.5254675904949103
20693,0.5251980924419681,1,0.5251980924419681
7687,0.5251980924419681,1,0.5251980924419681
22651,0.5240781693518337,1,0.5240781693518337
26851,0.5225356639750725,1,0.5225356639750725
40253,0.5190598788640746,1,0.5190598788640746
22471,0.5146428836166494,1,0.5146428836166494
24988,0.5103485290532989,1,0.5103485290532989
71,0.4917043020828402,1,0.4917043020828402
5847,0.4853852145205553,1,0.4853852145205553
4314,0.4734934292765013,1,0.4734934292765013
5484,0.4727486598875184,1,0.4727486598875184
5217,0.4718313919101727,2,0.23591569595508635
14474,0.4687850198974579,1,0.4687850198974579
4033,0.4648950358510949,1,0.4648950358510949
728,0.46331051164782644,2,0.23165525582391322
10723,0.457447388642767,1,0.457447388642767
13009,0.4552454250652847,1,0.4552454250652847
5362,0.4548081396656257,1,0.4548081396656257
22537,0.4459861864405519,1,0.4459861864405519
25353,0.4433016863497022,1,0.4433016863497022
1,0.4380250368225228,1,0.4380250368225228
3789,0.437071142232993,2,0.2185355711164965
4001,0.4357403604821542,1,0.4357403604821542
824,0.4357403604821542,1,0.4357403604821542
24964,0.4357403604821542,1,0.4357403604821542
26646,0.4320933711263093,2,0.21604668556315465
2622,0.4312550287415388,1,0.4312550287415388
3985,0.4294978202157737,5,0.08589956404315474
735,0.42400271527575056,3,0.1413342384252502
6308,0.419386373138354,1,0.419386373138354
41226,0.4186627448046718,1,0.4186627448046718
4943,0.4177830826008272,1,0.4177830826008272
3832,0.4164826294481699,2,0.20824131472408494
40037,0.406190977273238,1,0.406190977273238
24992,0.3928969832971338,2,0.1964484916485669
14900,0.3926557906342628,1,0.3926557906342628
289,0.3905062785585074,1,0.3905062785585074
10945,0.3893499039645741,1,0.3893499039645741
25533,0.3865459114133134,1,0.3865459114133134
40138,0.3824660846772437,1,0.3824660846772437
17678,0.3756687245171272,1,0.3756687245171272
39383,0.3756687245171272,2,0.1878343622585636
12878,0.3697042453222969,1,0.3697042453222969
21479,0.3681622018519168,1,0.3681622018519168
3837,0.3672950020241888,1,0.3672950020241888
40361,0.36625087218647173,2,0.18312543609323587
3869,0.3651544432068844,1,0.3651544432068844
19578,0.3635344155707686,1,0.3635344155707686
40969,0.361794529559108,1,0.361794529559108
15119,0.361794529559108,1,0.361794529559108
21064,0.3581967327313981,1,0.3581967327313981
4649,0.3558300503642777,1,0.3558300503642777
19592,0.3558300503642777,1,0.3558300503642777
20815,0.3489691606163246,2,0.1744845803081623
11902,0.3487934219958239,1,0.3487934219958239
7492,0.3435499202365515,1,0.3435499202365515
40948,0.3377907958620963,1,0.3377907958620963
26647,0.3363940226210012,1,0.3363940226210012
41245,0.3327518029795721,1,0.3327518029795721
21422,0.3292844203117809,1,0.3292844203117809
19529,0.3291666516352823,1,0.3291666516352823
16733,0.3231145905602527,1,0.3231145905602527
27121,0.3231145905602527,1,0.3231145905602527
39556,0.3154102253537617,1,0.3154102253537617
39548,0.3150073933043388,1,0.3150073933043388
20438,0.3139121995724815,1,0.3139121995724815
5291,0.3124177102828472,1,0.3124177102828472
8788,0.3072704151328376,1,0.3072704151328376
15266,0.306798817500468,1,0.306798817500468
20510,0.2986116078748863,1,0.2986116078748863
14651,0.2936356492654222,1,0.2936356492654222
396,0.2913069193148607,1,0.2913069193148607
2421,0.2802895605675186,1,0.2802895605675186
5501,0.2778084665821187,1,0.2778084665821187
24710,0.2772008408754488,1,0.2772008408754488
12883,0.2755671937407271,1,0.2755671937407271
15052,0.2679906552594163,1,0.2679906552594163
14484,0.2669574385042384,1,0.2669574385042384
5820,0.2619059393664969,1,0.2619059393664969
41240,0.2613697484381352,1,0.2613697484381352
5086,0.2598992412247104,1,0.2598992412247104
17117,0.2489920005776771,1,0.2489920005776771
29133,0.2489920005776771,1,0.2489920005776771
5438,0.2472814385446371,1,0.2472814385446371
40102,0.2425859519381306,2,0.1212929759690653
14963,0.2397310563460695,3,0.0799103521153565
20441,0.230786334636943,1,0.230786334636943
12742,0.2276890316061992,2,0.1138445158030996
3929,0.2155833334369443,2,0.10779166671847215
2518,0.2154385666503835,1,0.2154385666503835
1735,0.2154111513116614,1,0.2154111513116614
14790,0.2153557992825798,1,0.2153557992825798
15054,0.2114272423724431,1,0.2114272423724431
26726,0.2114272423724431,1,0.2114272423724431
25045,0.2033411138808778,2,0.1016705569404389
25334,0.2026523429333394,1,0.2026523429333394
2756,0.1924206624243521,1,0.1924206624243521
16090,0.1920752433242143,1,0.1920752433242143
3988,0.192065054926434,1,0.192065054926434
589,0.1895782986851543,1,0.1895782986851543
2843,0.1890271524047926,3,0.06300905080159754
2859,0.1881486123782298,1,0.1881486123782298
15101,0.1881364980162973,1,0.1881364980162973
25695,0.1868747473393792,1,0.1868747473393792
5664,0.1868747473393792,1,0.1868747473393792
5432,0.1842200554680931,1,0.1842200554680931
6213,0.1837740761810194,2,0.0918870380905097
5433,0.1791664812384466,1,0.1791664812384466
6232,0.1791664812384466,1,0.1791664812384466
1760,0.17765740622037,1,0.17765740622037
10295,0.1758087684045817,1,0.1758087684045817
20698,0.1741129079844324,1,0.1741129079844324
1361,0.1731076456326122,1,0.1731076456326122
5683,0.166771966921209,1,0.166771966921209
28164,0.164530140318044,1,0.164530140318044
20606,0.1620754364667334,1,0.1620754364667334
26641,0.1608465437441436,1,0.1608465437441436
22732,0.1559312346495374,1,0.1559312346495374
2536,0.1553709857668081,1,0.1553709857668081
20490,0.1550328098672166,2,0.0775164049336083
2635,0.1475090405936642,1,0.1475090405936642
5766,0.1475090405936642,1,0.1475090405936642
17590,0.1474781538421287,1,0.1474781538421287
1091,0.1474624552321586,1,0.1474624552321586
23522,0.1464320984883075,1,0.1464320984883075
14504,0.1449137251367443,1,0.1449137251367443
40261,0.1431693952945906,1,0.1431693952945906
27206,0.1431693952945906,1,0.1431693952945906
41199,0.140928122453199,1,0.140928122453199
14840,0.140928122453199,2,0.0704640612265995
2197,0.1399524519436195,1,0.1399524519436195
896,0.1371764071783084,1,0.1371764071783084
20717,0.1349364709152271,1,0.1349364709152271
5251,0.1326810992819653,1,0.1326810992819653
41186,0.1286215541012604,1,0.1286215541012604
845,0.127889663249437,1,0.127889663249437
14676,0.1276532102075556,1,0.1276532102075556
15155,0.1272668680789688,1,0.1272668680789688
10718,0.1264112656108981,1,0.1264112656108981
12789,0.126366672164387,1,0.126366672164387
23059,0.1260375528218736,1,0.1260375528218736
12085,0.121752933389479,1,0.121752933389479
27818,0.1186760190573854,1,0.1186760190573854
22730,0.1175546107292495,1,0.1175546107292495
10709,0.1175546107292495,1,0.1175546107292495
4353,0.1175546107292495,1,0.1175546107292495
302,0.1173708705817935,1,0.1173708705817935
3989,0.1163989407252626,1,0.1163989407252626
401,0.1148913708526088,1,0.1148913708526088
20657,0.1135549551346157,1,0.1135549551346157
27977,0.1135549551346157,2,0.05677747756730785
15159,0.1135549551346157,1,0.1135549551346157
18974,0.1133378558157274,1,0.1133378558157274
20,0.1133378558157274,1,0.1133378558157274
41109,0.1106384122705138,1,0.1106384122705138
4795,0.1106384122705138,1,0.1106384122705138
2580,0.1090372460256744,2,0.0545186230128372
133,0.1085308666509049,1,0.1085308666509049
20304,0.107479596504423,1,0.107479596504423
40308,0.1073596094959847,1,0.1073596094959847
28150,0.1064793577493274,1,0.1064793577493274
23171,0.1064793577493274,1,0.1064793577493274
2522,0.1064793577493274,1,0.1064793577493274
22702,0.1049674562881163,1,0.1049674562881163
8335,0.1049141166310916,1,0.1049141166310916
29125,0.1049141166310916,1,0.1049141166310916
6367,0.1049141166310916,1,0.1049141166310916
3454,0.1049141166310916,1,0.1049141166310916
40434,0.1049141166310916,1,0.1049141166310916
40259,0.1049141166310916,1,0.1049141166310916
2408,0.1042058309336084,1,0.1042058309336084
3793,0.1008815803413328,1,0.1008815803413328
1078,0.0995921271840068,2,0.0497960635920034
40195,0.0991503185614557,1,0.0991503185614557
13171,0.0980156821362516,2,0.0490078410681258
19561,0.0954373776076259,2,0.04771868880381295
2631,0.0944554031708647,2,0.04722770158543235
7640,0.0943797660708957,1,0.0943797660708957
21386,0.0910802171979677,1,0.0910802171979677
40549,0.0910802171979677,1,0.0910802171979677
17365,0.0910802171979677,1,0.0910802171979677
5621,0.0910802171979677,1,0.0910802171979677
14318,0.0900471114595816,1,0.0900471114595816
39384,0.0900471114595816,1,0.0900471114595816
3848,0.0900471114595816,1,0.0900471114595816
3849,0.0900471114595816,1,0.0900471114595816
29052,0.0894611661326173,1,0.0894611661326173
19539,0.088161525383404,1,0.088161525383404
39579,0.0878889496072264,1,0.0878889496072264
2977,0.0861292496768621,1,0.0861292496768621
17575,0.0861185545494449,1,0.0861185545494449
14621,0.0857389275673716,1,0.0857389275673716
6801,0.0850759899723023,1,0.0850759899723023
25989,0.0816767119319704,1,0.0816767119319704
732,0.0816095035375843,1,0.0816095035375843
21475,0.0816095035375843,1,0.0816095035375843
22704,0.0800860094776376,1,0.0800860094776376
39980,0.0783928499111217,2,0.03919642495556085
39771,0.0780256011022701,1,0.0780256011022701
19577,0.077018662979817,1,0.077018662979817
20627,0.0767721992139383,1,0.0767721992139383
17402,0.0767721992139383,1,0.0767721992139383
20569,0.0765057085011509,1,0.0765057085011509
41462,0.0748319467829255,1,0.0748319467829255
39260,0.0726982840311619,1,0.0726982840311619
4380,0.0726982840311619,1,0.0726982840311619
6309,0.0726982840311619,1,0.0726982840311619
12693,0.0726982840311619,1,0.0726982840311619
20430,0.0726982840311619,1,0.0726982840311619
15247,0.071997075906247,1,0.071997075906247
630,0.0699710424424679,2,0.03498552122123395
3872,0.0689148725770236,2,0.0344574362885118
25681,0.0689148725770236,1,0.0689148725770236
7937,0.0679749024062193,1,0.0679749024062193
3997,0.0666735997356321,1,0.0666735997356321
8076,0.0651576231791271,1,0.0651576231791271
20331,0.0651576231791271,1,0.0651576231791271
3884,0.0642568236248702,1,0.0642568236248702
39262,0.0640103598589914,1,0.0640103598589914
22824,0.0640103598589914,1,0.0640103598589914
2663,0.0631728814515289,1,0.0631728814515289
971,0.0627450428254954,2,0.0313725214127477
20618,0.0614832921485774,1,0.0614832921485774
12005,0.0614832921485774,1,0.0614832921485774
3810,0.0614832921485774,1,0.0614832921485774
39935,0.0604260267180427,1,0.0604260267180427
7422,0.0604260267180427,1,0.0604260267180427
22602,0.0604260267180427,1,0.0604260267180427
27045,0.0604260267180427,1,0.0604260267180427
27018,0.0604260267180427,4,0.015106506679510676
15285,0.0604260267180427,1,0.0604260267180427
3861,0.0604260267180427,1,0.0604260267180427
4030,0.0604260267180427,1,0.0604260267180427
8301,0.0604260267180427,1,0.0604260267180427
26137,0.058086993873342,1,0.058086993873342
3773,0.058086993873342,1,0.058086993873342
19760,0.0578405301074632,1,0.0578405301074632
15012,0.0578405301074632,1,0.0578405301074632
40615,0.0577887255216298,1,0.0577887255216298
23109,0.0577887255216298,1,0.0577887255216298
40563,0.0577887255216298,1,0.0577887255216298
67,0.0577887255216298,1,0.0577887255216298
2612,0.057750507835294,1,0.057750507835294
15028,0.0565971651404768,1,0.0565971651404768
4346,0.0554914241002274,1,0.0554914241002274
7480,0.0554019382343319,1,0.0554019382343319
18,0.0536813268883663,1,0.0536813268883663
20533,0.0524388808337009,1,0.0524388808337009
14663,0.0524388808337009,1,0.0524388808337009
20724,0.0508736397154651,1,0.0508736397154651
3814,0.0508464465224691,2,0.02542322326123455
3458,0.050382628666851,1,0.050382628666851
13177,0.050382628666851,1,0.050382628666851
3899,0.050382628666851,1,0.050382628666851
12092,0.0492321084828037,1,0.0492321084828037
4893,0.0492321084828037,2,0.02461605424140185
4503,0.0487214527936305,1,0.0487214527936305
3998,0.0487214527936305,1,0.0487214527936305
11972,0.0462545963195706,1,0.0462545963195706
6024,0.0452940256446538,1,0.0452940256446538
26956,0.045026886166683,1,0.045026886166683
4863,0.045026886166683,1,0.045026886166683
27545,0.045026886166683,1,0.045026886166683
7889,0.0425516230421023,1,0.0425516230421023
39587,0.0388570564151548,1,0.0388570564151548
39365,0.0388570564151548,1,0.0388570564151548
136,0.0388570564151548,1,0.0388570564151548
40297,0.0388570564151548,1,0.0388570564151548
4632,0.0388570564151548,1,0.0388570564151548
7849,0.0388570564151548,2,0.0194285282075774
40932,0.0388570564151548,1,0.0388570564151548
22605,0.0388570564151548,1,0.0388570564151548
39216,0.0388570564151548,1,0.0388570564151548
655,0.0387441985721133,1,0.0387441985721133
12525,0.0387441985721133,1,0.0387441985721133
25383,0.0387441985721133,1,0.0387441985721133
14782,0.0387441985721133,1,0.0387441985721133
3856,0.0387441985721133,1,0.0387441985721133
40580,0.0387441985721133,1,0.0387441985721133
2986,0.0387441985721133,1,0.0387441985721133
20454,0.0387441985721133,1,0.0387441985721133
12851,0.0387441985721133,1,0.0387441985721133
6146,0.0387441985721133,1,0.0387441985721133
5691,0.0387441985721133,1,0.0387441985721133
40494,0.0387441985721133,1,0.0387441985721133
13115,0.0354627012969658,1,0.0354627012969658
27029,0.0322841093008893,1,0.0322841093008893
14997,0.0322841093008893,1,0.0322841093008893
18731,0.0322841093008893,1,0.0322841093008893
14661,0.0322841093008893,1,0.0322841093008893
20734,0.0322841093008893,1,0.0322841093008893
5250,0.0311389063631507,1,0.0311389063631507
27409,0.0295761747181741,1,0.0295761747181741
41232,0.029114025232818502,2,0.014557012616409251
25340,0.0238681684215044,1,0.0238681684215044
20709,0.0220710000413567,1,0.0220710000413567
41449,0.0200963389519895,1,0.0200963389519895
17105,0.0199298359120456,1,0.0199298359120456
25371,0.0195690095083933,1,0.0195690095083933
40705,0.0195690095083933,1,0.0195690095083933
4468,0.0195222699459425,1,0.0195222699459425
25071,0.0195222699459425,1,0.0195222699459425
8159,0.0195222699459425,1,0.0195222699459425
27016,0.0195222699459425,1,0.0195222699459425
41097,0.0185523053497347,1,0.0185523053497347
620,0.0185523053497347,1,0.0185523053497347
24983,0.0177119507169816,1,0.0177119507169816
15099,0.0171752282692254,1,0.0171752282692254
639,0.0167606018700652,1,0.0167606018700652
17708,0.014338089741014,1,0.014338089741014
13193,0.0133524401944143,1,0.0133524401944143
17941,0.0133524401944143,1,0.0133524401944143
20499,0.0133524401944143,1,0.0133524401944143
22678,0.0133524401944143,1,0.0133524401944143
40391,0.0095450157244252,1,0.0095450157244252
15259,0.0095450157244252,1,0.0095450157244252
6150,0.0095450157244252,1,0.0095450157244252
22597,0.0095450157244252,1,0.0095450157244252
775,0.0095450157244252,1,0.0095450157244252
41045,0.0095450157244252,1,0.0095450157244252
6492,0.0095450157244252,1,0.0095450157244252
19520,0.0095450157244252,1,0.0095450157244252
4663,0.0095450157244252,1,0.0095450157244252
2240,0.0069077145280123,1,0.0069077145280123
40622,0.0063855498024162,1,0.0063855498024162
7906,0.0063855498024162,1,0.0063855498024162
5435,0.0063855498024162,1,0.0063855498024162
15218,0.0056524101364079,1,0.0056524101364079
49,0.0049332164284919,1,0.0049332164284919
15152,0.0047434761775966,1,0.0047434761775966
4703,0.0,1,0.0
1086,0.0,1,0.0
850,0.0,1,0.0
14460,0.0,1,0.0
478,0.0,1,0.0
14469,0.0,1,0.0
488,0.0,1,0.0
24977,0.0,1,0.0
24865,0.0,1,0.0
25035,0.0,1,0.0
10486,0.0,1,0.0
5651,0.0,1,0.0
4028,0.0,1,0.0
554,0.0,1,0.0
4032,0.0,1,0.0
14954,0.0,1,0.0
40110,0.0,1,0.0
1327,0.0,1,0.0
13741,0.0,1,0.0
15003,0.0,1,0.0
15017,0.0,1,0.0
4005,0.0,1,0.0
4003,0.0,1,0.0
40030,0.0,1,0.0
13081,0.0,1,0.0
13084,0.0,1,0.0
12974,0.0,2,0.0
12980,0.0,1,0.0
5413,0.0,1,0.0
14859,0.0,1,0.0
5984,0.0,1,0.0
5350,0.0,1,0.0
39450,0.0,1,0.0
39708,0.0,2,0.0
39539,0.0,1,0.0
5784,0.0,1,0.0
5742,0.0,1,0.0
39261,0.0,1,0.0
13120,0.0,1,0.0
3921,0.0,1,0.0
3974,0.0,1,0.0
39788,0.0,1,0.0
4026,0.0,1,0.0
20272,0.0,1,0.0
19589,0.0,1,0.0
20264,0.0,1,0.0
722,0.0,1,0.0
6879,0.0,1,0.0
14738,0.0,1,0.0
14737,0.0,1,0.0
14717,0.0,1,0.0
14700,0.0,1,0.0
66,0.0,1,0.0
20468,0.0,1,0.0
14670,0.0,1,0.0
14751,0.0,1,0.0
7621,0.0,1,0.0
26977,0.0,1,0.0
20524,0.0,1,0.0
20659,0.0,1,0.0
12917,0.0,1,0.0
129,0.0,1,0.0
2758,0.0,1,0.0
27403,0.0,1,0.0
20785,0.0,1,0.0
7732,0.0,1,0.0
7699,0.0,1,0.0
25623,0.0,1,0.0
12260,0.0,1,0.0
7748,0.0,1,0.0
26716,0.0,1,0.0
2634,0.0,1,0.0
25691,0.0,1,0.0
258,0.0,1,0.0
20881,0.0,1,0.0
14576,0.0,1,0.0
41458,0.0,1,0.0
14532,0.0,1,0.0
41272,0.0,1,0.0
14562,0.0,1,0.0
14605,0.0,1,0.0
22612,0.0,1,0.0
2407,0.0,1,0.0
1119,0.0,2,0.0
10328,0.0,1,0.0
963,0.0,1,0.0
10119,0.0,1,0.0
9946,0.0,1,0.0
