home_fps,COMMODITY_CODE,predicted_qty_kg,prediction_month
1,43,1.570704390225784,2026-04
10,43,1.4031922822276521,2026-04
10027,45,8.404347901753239,2026-04
10119,43,0.9934143091848363,2026-04
10295,41,0.9934143091848363,2026-04
10321,41,35.06752961302596,2026-04
10328,43,1.049008284645616,2026-04
10332,43,1.1372784678776557,2026-04
10486,43,0.9934143091848363,2026-04
1065,43,87.35126690384311,2026-04
1066,43,8.622769595774944,2026-04
10686,43,23.283073305927264,2026-04
10686,45,0.9934143091848363,2026-04
1070,41,35.26289495499253,2026-04
1070,43,204.6909607576611,2026-04
10702,43,6.891790984560544,2026-04
10709,43,1.049008284645616,2026-04
10710,43,19.963132091758823,2026-04
10718,45,1.1600967984753365,2026-04
10723,43,1.2188913513035406,2026-04
10726,43,9.830127393933783,2026-04
10753,43,9.903096026730394,2026-04
10759,43,3.5208887855746682,2026-04
1076,41,0.9934143091848363,2026-04
10761,41,0.9934143091848363,2026-04
1078,43,1.049008284645616,2026-04
1083,41,15.780116081237892,2026-04
1083,43,3.202681608617937,2026-04
10833,43,4.179260572287722,2026-04
10849,43,17.961588172135468,2026-04
10851,43,8.831463519894806,2026-04
1086,43,0.9934143091848363,2026-04
10865,43,14.04498758224418,2026-04
10882,43,9.283788815332349,2026-04
10899,41,33.154861744674015,2026-04
1091,43,1.3149220989956123,2026-04
10919,43,5.058308608722232,2026-04
1092,43,18.398465804758814,2026-04
1092,45,0.9934143091848363,2026-04
10945,43,1.2483669817073764,2026-04
11,43,2.5771827728863292,2026-04
1118,41,7.987165139508305,2026-04
1118,43,88.57432612404477,2026-04
1119,43,0.9934143091848363,2026-04
1120,41,96.25831295543365,2026-04
1120,42,0.9934143091848363,2026-04
1120,43,783.009240890753,2026-04
1120,45,0.9934143091848363,2026-04
1121,41,2.8574429641502417,2026-04
1121,43,54.20128538141737,2026-04
1122,41,64.26134378057543,2026-04
1122,43,118.8552934178974,2026-04
1123,41,92.92676898497068,2026-04
1123,42,0.9934143091848363,2026-04
1123,43,329.79003379185883,2026-04
11561,43,2.7898919415570087,2026-04
11600,43,20.780539292659345,2026-04
1187,43,10.290381188404865,2026-04
1187,45,0.9934143091848363,2026-04
11902,43,1.1045028230145564,2026-04
11971,41,30.472270002359725,2026-04
11972,41,0.9934143091848363,2026-04
11976,41,0.9934143091848363,2026-04
12001,43,20.858723320451734,2026-04
12002,41,35.06752961302596,2026-04
12002,42,0.9934143091848363,2026-04
12002,43,14.406063280683362,2026-04
12005,43,0.9934143091848363,2026-04
12008,43,9.830127393933783,2026-04
12009,41,31.596912172300733,2026-04
12009,43,7.571861228430974,2026-04
1204,41,273.09186974546026,2026-04
1204,42,0.9934143091848363,2026-04
1204,43,176.51495016543257,2026-04
1204,45,1.3071615345355805,2026-04
12068,41,33.096436588607794,2026-04
12068,43,8.07493266959557,2026-04
12080,41,33.096436588607794,2026-04
12080,43,20.780539292659345,2026-04
12084,41,20.780539292659345,2026-04
12084,43,9.830127393933783,2026-04
12085,43,0.9934143091848363,2026-04
12085,45,0.9934143091848363,2026-04
12090,43,14.134894198979952,2026-04
12092,43,0.9934143091848363,2026-04
12113,43,12.587321488882678,2026-04
12114,41,35.06752961302596,2026-04
12114,43,33.096436588607794,2026-04
12115,41,33.154861744674015,2026-04
12115,43,17.50142962407679,2026-04
12116,43,38.47327732666857,2026-04
12117,41,6.707767486193888,2026-04
12117,43,22.05637287465867,2026-04
12118,43,18.53023520369251,2026-04
12121,41,40.783147915723575,2026-04
12121,43,4.970038425490192,2026-04
12133,41,0.9934143091848363,2026-04
12170,43,3.1741814576858194,2026-04
12170,45,1.2593281235348321,2026-04
12191,41,20.780539292659345,2026-04
12211,43,21.8972343573917,2026-04
12215,41,4.800479956859065,2026-04
12215,43,49.49064923044136,2026-04
12215,45,0.9934143091848363,2026-04
12216,41,4.800479956859065,2026-04
12260,43,0.9934143091848363,2026-04
12292,43,9.830127393933783,2026-04
12464,41,20.780539292659345,2026-04
12490,43,8.479589846080717,2026-04
12523,43,18.398465804758814,2026-04
12525,43,0.9934143091848363,2026-04
12535,43,13.856535171183399,2026-04
12604,43,2.2137368696759645,2026-04
12618,43,3.1741814576858194,2026-04
12619,43,4.1356589676212,2026-04
1264,43,9.830127393933783,2026-04
12686,41,33.976688902627664,2026-04
12686,43,0.9934143091848363,2026-04
12691,43,14.04498758224418,2026-04
12693,45,0.9934143091848363,2026-04
12694,41,1.334570067862311,2026-04
12694,43,12.449472088853977,2026-04
12719,45,0.9934143091848363,2026-04
12726,43,2.5771827728863292,2026-04
12742,43,1.2897596853384756,2026-04
12777,43,2.652424717213808,2026-04
12789,43,0.9934143091848363,2026-04
128,43,32.71799547839048,2026-04
12802,43,4.970038425490192,2026-04
12840,43,2.7898919415570087,2026-04
12845,41,20.780539292659345,2026-04
12847,41,24.017571705016188,2026-04
1285,43,10.779753898355665,2026-04
12851,43,0.9934143091848363,2026-04
12868,43,14.279448895726816,2026-04
12878,43,1.570704390225784,2026-04
12881,42,0.9934143091848363,2026-04
12881,43,14.04498758224418,2026-04
12883,43,1.390164043323091,2026-04
129,43,1.049008284645616,2026-04
12910,41,5.081013091174229,2026-04
12912,43,32.8153099705701,2026-04
12917,43,1.1600967984753365,2026-04
12921,43,9.830127393933783,2026-04
12935,43,2.0487579022875253,2026-04
12946,41,35.06752961302596,2026-04
12946,43,9.234834125898695,2026-04
12949,41,1.334570067862311,2026-04
12960,43,14.04498758224418,2026-04
12964,43,18.398465804758814,2026-04
12974,43,1.049008284645616,2026-04
12980,43,0.9934143091848363,2026-04
13009,43,1.1045028230145564,2026-04
13030,43,1.4031922822276521,2026-04
13042,43,14.04498758224418,2026-04
13046,41,0.9934143091848363,2026-04
13058,43,31.339208529589623,2026-04
13060,42,0.9934143091848363,2026-04
13060,43,5.432886764988317,2026-04
13068,41,0.9934143091848363,2026-04
13081,43,0.9934143091848363,2026-04
13084,42,0.9934143091848363,2026-04
13084,43,0.9934143091848363,2026-04
13092,41,4.800479956859065,2026-04
13096,41,33.096436588607794,2026-04
13100,43,1.8366788394676252,2026-04
13102,41,39.50530431066098,2026-04
13102,43,1.049008284645616,2026-04
13108,43,9.123745612068975,2026-04
13108,45,1.1372784678776557,2026-04
13115,41,0.9934143091848363,2026-04
13115,43,1.1600967984753365,2026-04
13120,43,0.9934143091848363,2026-04
13124,43,9.830127393933783,2026-04
13129,43,8.07493266959557,2026-04
13139,43,8.07493266959557,2026-04
13142,41,24.032034642317726,2026-04
13145,43,5.058308608722232,2026-04
13148,41,6.4777519174977956,2026-04
13148,43,17.961588172135468,2026-04
13155,41,20.780539292659345,2026-04
13168,43,12.015260571741992,2026-04
13168,45,1.1372784678776557,2026-04
13171,41,1.334570067862311,2026-04
13171,43,1.049008284645616,2026-04
13177,45,1.1045028230145564,2026-04
13192,43,19.963132091758823,2026-04
13193,43,0.9934143091848363,2026-04
13195,43,4.179260572287722,2026-04
13199,43,2.0487579022875253,2026-04
1327,43,0.9934143091848363,2026-04
133,43,0.9934143091848363,2026-04
134,43,17.50142962407679,2026-04
13496,43,9.830127393933783,2026-04
13530,43,12.587321488882678,2026-04
136,43,0.9934143091848363,2026-04
1361,43,1.1600967984753365,2026-04
13656,43,8.07493266959557,2026-04
13741,43,0.9934143091848363,2026-04
138,41,30.472270002359725,2026-04
138,43,16.10909715340252,2026-04
14034,43,1.3071615345355805,2026-04
1408,41,33.976688902627664,2026-04
14136,41,4.800479956859065,2026-04
14313,43,14.040334272449043,2026-04
14315,41,4.6669740241114805,2026-04
14318,43,1.049008284645616,2026-04
14324,41,1.9067544378698646,2026-04
14327,43,2.652424717213808,2026-04
14328,41,23.41578217280624,2026-04
14328,43,9.830127393933783,2026-04
14329,41,1.6766871930221101,2026-04
14329,43,63.1321732111194,2026-04
14335,43,8.479589846080717,2026-04
14369,41,1.334570067862311,2026-04
14369,43,12.864790472771665,2026-04
14378,43,4.179260572287722,2026-04
14379,43,18.62660537889179,2026-04
14417,41,20.780539292659345,2026-04
14417,43,20.858723320451734,2026-04
14421,41,1.334570067862311,2026-04
14421,43,0.9934143091848363,2026-04
14422,41,87.6209972518414,2026-04
14422,43,39.39734733558633,2026-04
14424,43,2.790511442412567,2026-04
14425,43,13.98302619366789,2026-04
14426,41,33.15261498241703,2026-04
14426,43,26.247917754525023,2026-04
14430,42,0.9934143091848363,2026-04
14430,43,38.23596840352874,2026-04
14448,43,15.214578488685696,2026-04
14448,45,1.049008284645616,2026-04
14450,43,18.53023520369251,2026-04
14454,43,29.738180124480607,2026-04
14456,43,13.644140887433084,2026-04
14456,45,0.9934143091848363,2026-04
14458,43,9.71984517291792,2026-04
14460,43,0.9934143091848363,2026-04
14463,43,8.831463519894806,2026-04
14469,45,1.049008284645616,2026-04
14472,43,16.628134147545538,2026-04
14474,45,0.9934143091848363,2026-04
14478,43,18.398465804758814,2026-04
14480,43,5.0820183814490045,2026-04
14484,43,1.049008284645616,2026-04
14484,45,0.9934143091848363,2026-04
14488,43,25.102994783198344,2026-04
14488,45,1.5119704722894245,2026-04
14494,43,21.8972343573917,2026-04
14496,41,0.9934143091848363,2026-04
14496,43,1.049008284645616,2026-04
14499,43,42.60796655775225,2026-04
14500,43,2.8651338858844873,2026-04
14501,43,8.144157045443576,2026-04
14504,43,1.2593281235348321,2026-04
14507,43,4.7016445567028,2026-04
14509,43,31.068220528567533,2026-04
14509,45,0.9934143091848363,2026-04
14510,43,17.50142962407679,2026-04
14511,41,5.081013091174229,2026-04
14511,42,0.9934143091848363,2026-04
14511,43,18.398465804758814,2026-04
14511,45,0.9934143091848363,2026-04
14512,43,14.04498758224418,2026-04
14516,43,8.567860029312758,2026-04
14516,45,0.9934143091848363,2026-04
14529,43,13.2964345585511,2026-04
14531,41,1.56676047171999,2026-04
14531,43,10.68072355550419,2026-04
14531,45,1.049008284645616,2026-04
14532,45,1.049008284645616,2026-04
14533,43,23.020409283290494,2026-04
14538,41,1.6766871930221101,2026-04
14538,42,0.9934143091848363,2026-04
14538,43,13.856535171183399,2026-04
14538,45,1.049008284645616,2026-04
14543,43,20.858723320451734,2026-04
14543,45,0.9934143091848363,2026-04
14545,43,14.04498758224418,2026-04
14545,45,1.2897596853384756,2026-04
14554,43,2.5771827728863292,2026-04
14562,43,1.049008284645616,2026-04
14569,42,0.9934143091848363,2026-04
14569,43,8.232427228675617,2026-04
14576,43,0.9934143091848363,2026-04
14586,43,1.565800290956299,2026-04
14589,43,5.210823585474559,2026-04
14605,43,1.049008284645616,2026-04
14606,43,3.908579509054007,2026-04
14610,43,12.449472088853977,2026-04
14617,43,14.53229222668943,2026-04
14619,43,4.179260572287722,2026-04
1462,43,1.390164043323091,2026-04
14621,43,0.9934143091848363,2026-04
14627,43,8.479589846080717,2026-04
14628,41,33.096436588607794,2026-04
14630,43,12.373149683535736,2026-04
14633,41,30.472270002359725,2026-04
14633,43,1.2593281235348321,2026-04
14640,41,0.9934143091848363,2026-04
14644,41,0.9934143091848363,2026-04
14650,43,33.976688902627664,2026-04
14651,41,0.9934143091848363,2026-04
14656,41,6.707767486193888,2026-04
14660,41,1.9067544378698646,2026-04
14661,43,0.9934143091848363,2026-04
14663,43,0.9934143091848363,2026-04
14669,43,42.965694998411735,2026-04
14670,43,1.049008284645616,2026-04
14671,41,30.472270002359725,2026-04
14671,43,37.1536736157724,2026-04
14674,43,2.7898919415570087,2026-04
14676,43,0.9934143091848363,2026-04
14684,43,2.7898919415570087,2026-04
14687,43,16.628134147545538,2026-04
14688,43,3.5208887855746682,2026-04
14697,43,25.626919030911996,2026-04
14699,43,12.449472088853977,2026-04
14700,43,0.9934143091848363,2026-04
14711,43,2.0438538030180395,2026-04
14717,43,0.9934143091848363,2026-04
14724,43,5.058308608722232,2026-04
14727,43,12.449472088853977,2026-04
14737,43,1.049008284645616,2026-04
14738,43,0.9934143091848363,2026-04
14746,43,8.860142121486927,2026-04
14751,43,0.9934143091848363,2026-04
1476,43,14.04498758224418,2026-04
14763,43,38.51709502156644,2026-04
14764,41,1.334570067862311,2026-04
14764,43,8.404347901753239,2026-04
14775,42,0.9934143091848363,2026-04
14775,43,18.398465804758814,2026-04
14780,43,4.873359696740048,2026-04
14782,43,0.9934143091848363,2026-04
14788,43,8.07493266959557,2026-04
14790,43,1.3149220989956123,2026-04
14793,41,6.707767486193888,2026-04
14827,43,5.210823585474559,2026-04
14827,45,0.9934143091848363,2026-04
14840,43,1.049008284645616,2026-04
14840,45,0.9934143091848363,2026-04
14843,43,12.449472088853977,2026-04
14845,41,22.453594426794766,2026-04
14851,40,0.9934143091848363,2026-04
14851,41,63.71915387295883,2026-04
14851,43,22.308051582492848,2026-04
14853,43,2.652424717213808,2026-04
14859,43,6.538933643314665,2026-04
14860,41,4.800479956859065,2026-04
14872,41,23.41578217280624,2026-04
14872,43,34.85810157472056,2026-04
14872,45,6.538933643314665,2026-04
14874,41,1.334570067862311,2026-04
14888,41,1.334570067862311,2026-04
14888,43,22.936747229973054,2026-04
14897,45,4.1356589676212,2026-04
14898,43,12.373149683535736,2026-04
14899,43,31.510672634658906,2026-04
14900,43,0.9934143091848363,2026-04
14924,41,0.9934143091848363,2026-04
14936,43,65.8186057763741,2026-04
14940,41,35.06752961302596,2026-04
14947,43,17.512379931112964,2026-04
14954,43,0.9934143091848363,2026-04
14956,43,29.738180124480607,2026-04
14963,43,1.995024621101905,2026-04
14965,41,20.780539292659345,2026-04
14965,43,8.267076388600147,2026-04
14970,42,0.9934143091848363,2026-04
14970,43,40.71674855880284,2026-04
14973,41,6.3500390455344,2026-04
14979,42,0.9934143091848363,2026-04
14979,43,3.5208887855746682,2026-04
14984,43,12.587321488882678,2026-04
14985,43,2.665452956118369,2026-04
14988,41,33.096436588607794,2026-04
14994,43,33.35651732945915,2026-04
14997,43,0.9934143091848363,2026-04
14998,43,3.5208887855746682,2026-04
14998,45,1.049008284645616,2026-04
14999,41,30.472270002359725,2026-04
15001,43,2.7898919415570087,2026-04
15003,43,0.9934143091848363,2026-04
15008,43,5.0593729973622885,2026-04
15012,43,0.9934143091848363,2026-04
15013,43,1.2593281235348321,2026-04
15013,45,12.449472088853977,2026-04
15017,43,0.9934143091848363,2026-04
15024,43,5.842005992929651,2026-04
15026,43,17.512379931112964,2026-04
15028,43,1.334570067862311,2026-04
15030,40,0.9934143091848363,2026-04
15030,41,6.538933643314665,2026-04
15032,43,22.26670169279849,2026-04
15041,41,20.780539292659345,2026-04
15041,43,0.9934143091848363,2026-04
15044,43,17.50142962407679,2026-04
15049,43,12.587321488882678,2026-04
15051,43,2.0487579022875253,2026-04
15052,43,1.334570067862311,2026-04
15054,43,1.3149220989956123,2026-04
15057,43,1.76495737625415,2026-04
15058,43,8.219398989771054,2026-04
15070,43,25.23154614139625,2026-04
15072,43,4.1356589676212,2026-04
15077,43,12.537742272086017,2026-04
15077,45,12.587321488882678,2026-04
15079,43,32.01418104048147,2026-04
15079,45,0.9934143091848363,2026-04
15083,43,17.673358538458352,2026-04
15090,41,30.472270002359725,2026-04
15090,43,5.377714588014956,2026-04
15099,43,0.9934143091848363,2026-04
15101,43,1.3149220989956123,2026-04
15104,43,12.449472088853977,2026-04
15119,43,1.570704390225784,2026-04
15130,43,2.835336022776293,2026-04
15130,44,0.9934143091848363,2026-04
15130,45,0.9934143091848363,2026-04
15141,43,8.404347901753239,2026-04
15152,43,1.1600967984753365,2026-04
15155,43,1.049008284645616,2026-04
15159,43,0.9934143091848363,2026-04
15176,41,33.096436588607794,2026-04
15176,43,85.97266382979238,2026-04
15176,45,1.049008284645616,2026-04
15183,43,12.801345762668065,2026-04
15183,44,0.9934143091848363,2026-04
15183,45,2.1833861673564754,2026-04
15184,43,12.776520289539624,2026-04
15184,45,0.9934143091848363,2026-04
15196,43,1.049008284645616,2026-04
15196,45,0.9934143091848363,2026-04
15211,43,33.976688902627664,2026-04
15211,45,0.9934143091848363,2026-04
15213,43,14.4107165904785,2026-04
15213,45,0.9934143091848363,2026-04
15218,45,0.9934143091848363,2026-04
15219,43,2.8651338858844873,2026-04
15224,43,26.247917754525023,2026-04
15224,45,0.9934143091848363,2026-04
15225,43,2.9814463011387065,2026-04
15225,45,0.9934143091848363,2026-04
15238,43,10.844497680515655,2026-04
15240,43,8.144157045443576,2026-04
15240,45,0.9934143091848363,2026-04
15241,42,0.9934143091848363,2026-04
15241,43,1.76495737625415,2026-04
15241,45,0.9934143091848363,2026-04
15245,43,12.537742272086017,2026-04
15247,43,1.334570067862311,2026-04
15248,43,8.07493266959557,2026-04
15249,43,2.652424717213808,2026-04
15254,41,1.2188913513035406,2026-04
15254,43,2.8651338858844873,2026-04
15255,42,0.9934143091848363,2026-04
15255,43,15.890335544191725,2026-04
15255,45,0.9934143091848363,2026-04
15257,43,17.5598201521536,2026-04
15257,45,0.9934143091848363,2026-04
15259,43,0.9934143091848363,2026-04
15260,41,6.891790984560544,2026-04
15260,43,16.634770613604722,2026-04
15264,43,2.0487579022875253,2026-04
15266,41,0.9934143091848363,2026-04
15267,43,12.449472088853977,2026-04
15271,43,21.895767113349493,2026-04
15273,43,5.210823585474559,2026-04
15280,43,17.50142962407679,2026-04
15285,43,0.9934143091848363,2026-04
15289,43,4.1356589676212,2026-04
15292,43,12.449472088853977,2026-04
15299,43,20.780539292659345,2026-04
15303,43,22.31997636524072,2026-04
15303,45,0.9934143091848363,2026-04
15306,43,12.449472088853977,2026-04
15309,43,39.62590784840455,2026-04
1546,43,18.53023520369251,2026-04
15915,43,13.240770281429196,2026-04
16090,43,1.334570067862311,2026-04
16234,43,9.830127393933783,2026-04
16733,43,0.9934143091848363,2026-04
16908,43,8.07493266959557,2026-04
16978,43,9.830127393933783,2026-04
17051,43,10.68072355550419,2026-04
17064,41,33.154861744674015,2026-04
17090,43,9.234834125898695,2026-04
17103,42,0.9934143091848363,2026-04
17103,43,18.53023520369251,2026-04
17105,43,0.9934143091848363,2026-04
17117,43,1.477530107724259,2026-04
17123,43,9.830127393933783,2026-04
17154,43,2.8651338858844873,2026-04
17325,43,4.179260572287722,2026-04
17338,43,17.253091054715906,2026-04
1735,43,0.9934143091848363,2026-04
17361,43,2.8651338858844873,2026-04
17361,45,0.9934143091848363,2026-04
17365,43,0.9934143091848363,2026-04
1737,43,12.449472088853977,2026-04
17372,43,9.830127393933783,2026-04
17388,43,8.479589846080717,2026-04
17390,43,8.144157045443576,2026-04
17395,43,18.53023520369251,2026-04
17402,43,0.9934143091848363,2026-04
17406,43,13.637379487631181,2026-04
17421,43,12.587321488882678,2026-04
17468,43,18.53023520369251,2026-04
17545,43,1.477530107724259,2026-04
17545,45,0.9934143091848363,2026-04
17559,41,32.70106369909205,2026-04
17559,43,0.9934143091848363,2026-04
17571,43,12.615106169317079,2026-04
17575,43,0.9934143091848363,2026-04
17575,45,0.9934143091848363,2026-04
17579,43,38.51709502156644,2026-04
17582,43,2.9814463011387065,2026-04
17583,41,20.780539292659345,2026-04
17585,43,30.689354654309486,2026-04
17588,41,1.334570067862311,2026-04
17588,45,8.07493266959557,2026-04
17590,41,0.9934143091848363,2026-04
1760,43,0.9934143091848363,2026-04
17641,43,1.570704390225784,2026-04
17650,43,12.449472088853977,2026-04
17650,45,0.9934143091848363,2026-04
17675,43,39.87825337650763,2026-04
17678,43,1.570704390225784,2026-04
17679,43,11.811947643979698,2026-04
17681,43,15.169872453647118,2026-04
17681,45,0.9934143091848363,2026-04
17690,43,12.537742272086017,2026-04
17695,41,6.707767486193888,2026-04
17700,43,12.373149683535736,2026-04
17708,43,0.9934143091848363,2026-04
17727,43,8.404347901753239,2026-04
1779,43,18.398465804758814,2026-04
17831,41,24.032034642317726,2026-04
17833,43,2.7898919415570087,2026-04
17857,43,12.587321488882678,2026-04
17883,43,9.685270659275615,2026-04
17896,43,9.830127393933783,2026-04
17927,43,8.571272663585143,2026-04
17934,41,20.780539292659345,2026-04
17941,43,0.9934143091848363,2026-04
17963,43,8.07493266959557,2026-04
17970,41,33.976688902627664,2026-04
17976,43,22.88770041641152,2026-04
18,43,1.1045028230145564,2026-04
18671,41,33.976688902627664,2026-04
18691,43,25.4951496319783,2026-04
1871,43,12.587321488882678,2026-04
18726,41,20.780539292659345,2026-04
18726,43,8.07493266959557,2026-04
18727,43,18.53023520369251,2026-04
18729,43,10.768993738736231,2026-04
18729,45,0.9934143091848363,2026-04
18731,43,0.9934143091848363,2026-04
18734,43,12.587321488882678,2026-04
18795,43,4.970038425490192,2026-04
18811,43,21.8972343573917,2026-04
18825,43,4.7016445567028,2026-04
18827,43,14.83127477918538,2026-04
18865,42,0.9934143091848363,2026-04
18865,43,10.844497680515655,2026-04
18867,41,33.976688902627664,2026-04
18924,43,17.891183905913135,2026-04
18928,43,4.7016445567028,2026-04
18949,41,6.891790984560544,2026-04
18949,43,1.477530107724259,2026-04
18973,43,23.15130390699357,2026-04
18974,43,1.049008284645616,2026-04
18977,43,2.652424717213808,2026-04
18980,43,14.04498758224418,2026-04
18984,43,9.830127393933783,2026-04
1928,43,3.5208887855746682,2026-04
19496,43,9.830127393933783,2026-04
19520,43,0.9934143091848363,2026-04
19527,43,12.587321488882678,2026-04
19529,41,1.334570067862311,2026-04
19533,43,4.9472200948925105,2026-04
19536,43,157.79318093391316,2026-04
19539,43,0.9934143091848363,2026-04
19543,43,33.97784926070068,2026-04
19549,41,33.976688902627664,2026-04
19549,43,4.179260572287722,2026-04
19553,41,4.73430576328538,2026-04
19561,43,1.049008284645616,2026-04
19562,43,9.830127393933783,2026-04
19565,43,12.373149683535736,2026-04
19568,41,1.334570067862311,2026-04
19568,43,14.04498758224418,2026-04
19569,43,56.34945630664843,2026-04
19573,43,2.0487579022875253,2026-04
19577,43,1.1045028230145564,2026-04
19578,43,1.570704390225784,2026-04
19589,43,0.9934143091848363,2026-04
19590,41,20.780539292659345,2026-04
19592,43,1.570704390225784,2026-04
19593,43,12.373149683535736,2026-04
19596,43,2.8651338858844873,2026-04
19597,43,8.07493266959557,2026-04
19607,43,12.268810502684909,2026-04
19629,43,16.628134147545538,2026-04
19760,43,0.9934143091848363,2026-04
19784,43,4.179260572287722,2026-04
19787,43,2.8651338858844873,2026-04
1988,41,5.081013091174229,2026-04
19987,41,21.895767113349493,2026-04
20,43,1.049008284645616,2026-04
200,43,1.9067544378698646,2026-04
20006,43,10.202111005172824,2026-04
20063,43,8.07493266959557,2026-04
20193,43,8.144157045443576,2026-04
20199,41,1.9067544378698646,2026-04
20264,45,0.9934143091848363,2026-04
20265,43,22.451745764174415,2026-04
20272,43,0.9934143091848363,2026-04
20304,43,1.1600967984753365,2026-04
20331,43,0.9934143091848363,2026-04
20349,43,12.587321488882678,2026-04
20363,43,2.652424717213808,2026-04
20400,41,0.9934143091848363,2026-04
20402,43,13.580696177329484,2026-04
20408,43,2.707407605105766,2026-04
20413,41,33.154861744674015,2026-04
20430,43,0.9934143091848363,2026-04
20438,43,0.9934143091848363,2026-04
20441,43,0.9934143091848363,2026-04
20449,41,33.096436588607794,2026-04
20454,43,0.9934143091848363,2026-04
20468,43,1.1045028230145564,2026-04
20489,43,12.776520289539624,2026-04
20490,43,1.334570067862311,2026-04
20491,45,9.830127393933783,2026-04
20497,43,12.449472088853977,2026-04
20499,43,0.9934143091848363,2026-04
205,43,31.068220528567533,2026-04
20502,41,0.9934143091848363,2026-04
20505,41,1.334570067862311,2026-04
20505,43,10.122515621344839,2026-04
20507,43,21.8972343573917,2026-04
20508,43,13.856535171183399,2026-04
20510,43,1.7557110816512584,2026-04
20516,41,33.096436588607794,2026-04
20516,43,13.056908790226187,2026-04
20519,43,8.831463519894806,2026-04
20520,41,0.9934143091848363,2026-04
20520,43,26.773335675882848,2026-04
20523,41,32.050710217882695,2026-04
20524,43,0.9934143091848363,2026-04
20530,41,33.976688902627664,2026-04
20531,43,3.032798541960012,2026-04
20533,43,0.9934143091848363,2026-04
20538,41,1.334570067862311,2026-04
20538,43,0.9934143091848363,2026-04
20539,41,30.472270002359725,2026-04
20541,43,9.830127393933783,2026-04
20557,41,20.780539292659345,2026-04
20566,43,8.07493266959557,2026-04
20569,43,0.9934143091848363,2026-04
20573,43,4.7016445567028,2026-04
20584,43,12.449472088853977,2026-04
20593,43,9.123745612068975,2026-04
20606,43,0.9934143091848363,2026-04
20618,43,0.9934143091848363,2026-04
20627,43,0.9934143091848363,2026-04
20644,41,33.096436588607794,2026-04
20644,43,2.8651338858844873,2026-04
20657,43,0.9934143091848363,2026-04
20659,43,0.9934143091848363,2026-04
20665,43,6.891790984560544,2026-04
20667,43,17.891183905913135,2026-04
20678,43,3.6445511831160124,2026-04
20679,43,8.479589846080717,2026-04
20683,43,14.65628993410085,2026-04
20687,41,33.096436588607794,2026-04
20693,43,1.955583619785999,2026-04
20698,43,1.2593281235348321,2026-04
207,43,13.856535171183399,2026-04
20707,43,17.28309755786078,2026-04
20709,43,1.049008284645616,2026-04
20712,43,12.615106169317079,2026-04
20716,43,13.658060074560545,2026-04
20717,43,1.2593281235348321,2026-04
20724,43,0.9934143091848363,2026-04
20729,43,8.479589846080717,2026-04
20734,43,0.9934143091848363,2026-04
20784,43,2.258628111683954,2026-04
20785,43,0.9934143091848363,2026-04
20789,43,14.543052386308863,2026-04
208,43,1.1372784678776557,2026-04
20815,43,1.477530107724259,2026-04
20881,43,0.9934143091848363,2026-04
20899,43,1.3071615345355805,2026-04
209,43,8.479589846080717,2026-04
209,45,1.6818535389473492,2026-04
20907,43,2.652424717213808,2026-04
20917,43,12.776520289539624,2026-04
20921,43,5.397154043631759,2026-04
20943,43,2.9105779671037717,2026-04
20944,43,12.449472088853977,2026-04
20946,41,33.096436588607794,2026-04
210,43,16.628134147545538,2026-04
21056,42,0.9934143091848363,2026-04
21056,43,1.049008284645616,2026-04
21064,43,0.9934143091848363,2026-04
21066,43,21.8972343573917,2026-04
21069,41,0.9934143091848363,2026-04
21069,43,12.587321488882678,2026-04
21075,43,4.1356589676212,2026-04
21077,43,4.1356589676212,2026-04
21079,43,2.665452956118369,2026-04
212,43,29.738180124480607,2026-04
212,45,0.9934143091848363,2026-04
21216,43,8.07493266959557,2026-04
21217,43,5.3219120993042806,2026-04
21217,45,0.9934143091848363,2026-04
21262,43,2.7898919415570087,2026-04
213,41,4.800479956859065,2026-04
21329,43,2.185650864633755,2026-04
21350,43,5.469284269572397,2026-04
21386,43,0.9934143091848363,2026-04
21391,43,14.04498758224418,2026-04
21408,43,2.9105779671037717,2026-04
2142,43,2.8651338858844873,2026-04
21422,43,0.9934143091848363,2026-04
21434,43,12.587321488882678,2026-04
21436,43,28.33239225860461,2026-04
21439,43,2.7898919415570087,2026-04
21445,41,0.9934143091848363,2026-04
21445,43,14.04498758224418,2026-04
21451,43,2.652424717213808,2026-04
21456,43,2.652424717213808,2026-04
21461,43,3.5208887855746682,2026-04
21475,43,1.2593281235348321,2026-04
21479,43,0.9934143091848363,2026-04
21493,43,2.7898919415570087,2026-04
21495,43,14.04498758224418,2026-04
21509,43,2.7898919415570087,2026-04
218,43,8.479589846080717,2026-04
2197,43,1.1045028230145564,2026-04
220,43,8.831463519894806,2026-04
220,45,0.9934143091848363,2026-04
22123,41,33.096436588607794,2026-04
223,43,14.395085055289615,2026-04
22367,43,14.04498758224418,2026-04
224,43,22.53030518338054,2026-04
2240,43,0.9934143091848363,2026-04
22471,41,6.354910144948009,2026-04
22520,43,1.560047109981016,2026-04
22537,43,1.955583619785999,2026-04
22545,41,0.9934143091848363,2026-04
22547,43,12.615106169317079,2026-04
22553,43,25.626919030911996,2026-04
22560,43,16.628134147545538,2026-04
22560,45,3.439383882812083,2026-04
22571,43,12.373149683535736,2026-04
22579,43,17.28309755786078,2026-04
22580,43,12.587321488882678,2026-04
22589,42,0.9934143091848363,2026-04
22589,43,13.658060074560545,2026-04
22597,45,0.9934143091848363,2026-04
22602,43,0.9934143091848363,2026-04
22605,43,0.9934143091848363,2026-04
22606,43,13.580696177329484,2026-04
22612,43,0.9934143091848363,2026-04
22613,43,4.1356589676212,2026-04
22640,43,17.891183905913135,2026-04
22642,43,8.860142121486927,2026-04
22651,41,1.334570067862311,2026-04
22661,43,2.9814463011387065,2026-04
22678,43,0.9934143091848363,2026-04
2268,43,18.398465804758814,2026-04
22694,41,20.780539292659345,2026-04
22701,43,4.1356589676212,2026-04
22702,43,1.049008284645616,2026-04
22704,43,0.9934143091848363,2026-04
22728,43,14.04498758224418,2026-04
22728,45,0.9934143091848363,2026-04
22730,43,1.049008284645616,2026-04
22730,45,0.9934143091848363,2026-04
22732,43,1.049008284645616,2026-04
22751,43,2.8651338858844873,2026-04
22769,43,33.096436588607794,2026-04
22770,43,13.658060074560545,2026-04
22821,43,2.258628111683954,2026-04
22824,43,0.9934143091848363,2026-04
22862,43,8.479589846080717,2026-04
22879,43,10.198457723249287,2026-04
22900,43,2.707407605105766,2026-04
22947,43,12.587321488882678,2026-04
23002,43,8.07493266959557,2026-04
23004,43,11.811947643979698,2026-04
23036,41,33.154861744674015,2026-04
23059,43,1.334570067862311,2026-04
23067,41,0.9934143091848363,2026-04
23074,43,9.830127393933783,2026-04
23084,43,29.738180124480607,2026-04
23084,45,0.9934143091848363,2026-04
23107,43,14.04498758224418,2026-04
23109,43,0.9934143091848363,2026-04
23169,43,2.9105779671037717,2026-04
23171,43,0.9934143091848363,2026-04
23487,43,5.095945564201422,2026-04
23488,41,33.096436588607794,2026-04
23522,43,1.3149220989956123,2026-04
23968,43,22.88770041641152,2026-04
240,41,20.780539292659345,2026-04
2403,43,16.628134147545538,2026-04
2406,43,9.830127393933783,2026-04
2407,43,0.9934143091848363,2026-04
2408,43,1.1045028230145564,2026-04
2409,43,13.373360175863107,2026-04
2413,43,46.82004126818025,2026-04
2413,45,0.9934143091848363,2026-04
2416,43,43.520901530883826,2026-04
2417,45,12.537742272086017,2026-04
2419,41,1.334570067862311,2026-04
2419,43,4.179260572287722,2026-04
2420,43,2.5771827728863292,2026-04
2421,43,1.477530107724259,2026-04
2422,41,20.780539292659345,2026-04
2422,43,9.123745612068975,2026-04
2422,45,0.9934143091848363,2026-04
2427,43,9.830127393933783,2026-04
24335,41,5.081013091174229,2026-04
24355,41,20.780539292659345,2026-04
24374,41,20.780539292659345,2026-04
24380,43,19.963132091758823,2026-04
24404,43,9.830127393933783,2026-04
2441,43,61.144487537873026,2026-04
2442,41,20.780539292659345,2026-04
2443,41,5.081013091174229,2026-04
24431,43,5.210823585474559,2026-04
24499,43,9.830127393933783,2026-04
24530,43,14.04498758224418,2026-04
24594,41,34.812937322665896,2026-04
24594,43,5.210823585474559,2026-04
24710,43,1.570704390225784,2026-04
24860,43,14.04498758224418,2026-04
24860,45,0.9934143091848363,2026-04
24865,43,1.1045028230145564,2026-04
24871,41,33.096436588607794,2026-04
24874,41,4.800479956859065,2026-04
24874,43,2.7406949004458476,2026-04
24876,43,16.628134147545538,2026-04
2489,41,33.97444214037068,2026-04
2489,43,34.78640299498826,2026-04
24890,41,6.628187493978495,2026-04
24890,43,8.07493266959557,2026-04
24894,41,4.800479956859065,2026-04
24894,43,88.43223632472807,2026-04
24896,41,22.453594426794766,2026-04
24897,43,17.50142962407679,2026-04
24899,43,2.8651338858844873,2026-04
2492,43,17.37136774109282,2026-04
24924,43,2.0438538030180395,2026-04
24944,43,22.31997636524072,2026-04
24947,43,12.587321488882678,2026-04
24947,45,1.3071615345355805,2026-04
24964,41,0.9934143091848363,2026-04
24974,41,0.9934143091848363,2026-04
24974,43,0.9934143091848363,2026-04
24977,43,0.9934143091848363,2026-04
24983,43,0.9934143091848363,2026-04
24988,43,0.9934143091848363,2026-04
24992,41,6.354910144948009,2026-04
24992,43,1.049008284645616,2026-04
25034,43,12.587321488882678,2026-04
25035,43,0.9934143091848363,2026-04
25036,43,10.290381188404865,2026-04
25044,43,8.479589846080717,2026-04
25045,43,1.334570067862311,2026-04
25049,43,2.652424717213808,2026-04
25050,41,6.707767486193888,2026-04
25050,43,18.53023520369251,2026-04
25058,41,1.2188913513035406,2026-04
25067,41,0.9934143091848363,2026-04
25067,43,13.658060074560545,2026-04
25069,43,19.164293029315687,2026-04
25069,45,0.9934143091848363,2026-04
25070,43,12.587321488882678,2026-04
25071,43,0.9934143091848363,2026-04
25072,41,4.800479956859065,2026-04
25072,43,1.1600967984753365,2026-04
25075,43,5.380706652132483,2026-04
25076,43,14.331136598263107,2026-04
25077,41,30.472270002359725,2026-04
25078,43,12.537742272086017,2026-04
25079,41,20.780539292659345,2026-04
25079,43,0.9934143091848363,2026-04
25084,43,14.4107165904785,2026-04
25094,41,4.800479956859065,2026-04
25094,43,1.1600967984753365,2026-04
25095,43,1.3071615345355805,2026-04
25098,43,13.152500098197155,2026-04
25099,41,0.9934143091848363,2026-04
2510,41,30.472270002359725,2026-04
2510,43,2.7406949004458476,2026-04
25107,43,3.273549942652872,2026-04
25111,41,33.096436588607794,2026-04
25111,43,2.0487579022875253,2026-04
2513,41,20.780539292659345,2026-04
2513,43,21.8972343573917,2026-04
2513,45,1.1372784678776557,2026-04
2514,43,10.421114595866806,2026-04
2515,43,3.2572852949926205,2026-04
2518,43,1.3149220989956123,2026-04
2522,43,0.9934143091848363,2026-04
25225,41,0.9934143091848363,2026-04
2523,41,1.334570067862311,2026-04
25243,43,18.398465804758814,2026-04
2527,43,33.976688902627664,2026-04
2527,45,1.3149220989956123,2026-04
253,43,2.7898919415570087,2026-04
2530,43,16.628134147545538,2026-04
25318,41,23.020409283290494,2026-04
25318,43,38.6762256826339,2026-04
25319,43,6.8448861137634145,2026-04
25320,43,13.328724405899388,2026-04
25321,41,30.472270002359725,2026-04
25321,43,35.40769951458986,2026-04
25321,45,6.618513635530058,2026-04
25322,43,17.512379931112964,2026-04
25323,43,18.991096309807258,2026-04
25324,43,12.373149683535736,2026-04
25324,45,0.9934143091848363,2026-04
25325,43,17.50142962407679,2026-04
25326,43,12.373149683535736,2026-04
25326,45,0.9934143091848363,2026-04
25327,43,4.970038425490192,2026-04
25327,44,0.9934143091848363,2026-04
25327,45,0.9934143091848363,2026-04
25328,43,9.830127393933783,2026-04
25329,41,53.141465421278994,2026-04
25330,41,1.9067544378698646,2026-04
25330,43,10.202111005172824,2026-04
25332,41,33.7220966122676,2026-04
25332,43,0.9934143091848363,2026-04
25332,45,0.9934143091848363,2026-04
25334,41,0.9934143091848363,2026-04
25335,41,8.501229757290389,2026-04
25335,43,8.831463519894806,2026-04
25336,43,36.00879180505675,2026-04
2534,43,10.879936126184406,2026-04
25340,43,1.049008284645616,2026-04
25353,41,1.6766871930221101,2026-04
2536,43,1.334570067862311,2026-04
25360,41,53.344122970055395,2026-04
25360,43,16.628134147545538,2026-04
25360,44,0.9934143091848363,2026-04
25360,45,1.3780298685705155,2026-04
25362,43,10.21078580457688,2026-04
25365,43,10.856674627301777,2026-04
25365,45,2.707407605105766,2026-04
25366,45,1.390164043323091,2026-04
25368,43,12.449472088853977,2026-04
25369,43,24.434162499172775,2026-04
25370,43,27.413856626210308,2026-04
25371,45,0.9934143091848363,2026-04
25379,43,12.587321488882678,2026-04
25383,43,0.9934143091848363,2026-04
25384,41,20.780539292659345,2026-04
2539,41,57.22415180838442,2026-04
25410,43,8.567860029312758,2026-04
25420,43,5.3219120993042806,2026-04
25428,43,29.342807234964862,2026-04
25433,41,22.453594426794766,2026-04
2551,43,17.50142962407679,2026-04
2552,41,8.582598494292638,2026-04
2553,41,30.472270002359725,2026-04
2553,43,9.123745612068975,2026-04
25533,41,0.9934143091848363,2026-04
25561,41,30.472270002359725,2026-04
25623,43,0.9934143091848363,2026-04
25681,43,1.049008284645616,2026-04
25688,41,4.800479956859065,2026-04
25691,43,1.049008284645616,2026-04
25695,43,1.2593281235348321,2026-04
257,43,13.637379487631181,2026-04
2574,43,13.580696177329484,2026-04
2577,43,2.0438538030180395,2026-04
2577,45,0.9934143091848363,2026-04
25770,43,8.479589846080717,2026-04
2579,43,8.232427228675617,2026-04
258,43,0.9934143091848363,2026-04
2580,43,1.049008284645616,2026-04
2581,43,31.971239184630136,2026-04
25830,43,16.628134147545538,2026-04
25855,43,1.570704390225784,2026-04
25855,45,1.1600967984753365,2026-04
25864,43,17.50142962407679,2026-04
2596,43,2.7898919415570087,2026-04
25984,43,9.021709196962062,2026-04
25989,43,1.049008284645616,2026-04
25994,41,0.9934143091848363,2026-04
2603,43,3.5208887855746682,2026-04
2606,43,0.9934143091848363,2026-04
2610,42,0.9934143091848363,2026-04
2610,43,18.398465804758814,2026-04
2612,43,0.9934143091848363,2026-04
26137,43,1.1045028230145564,2026-04
2614,43,13.991033794189477,2026-04
2614,45,0.9934143091848363,2026-04
26141,43,8.07493266959557,2026-04
2622,43,4.800479956859065,2026-04
2624,43,23.15130390699357,2026-04
2624,45,1.049008284645616,2026-04
26241,41,33.976688902627664,2026-04
26241,43,44.53553722146383,2026-04
26252,43,16.628134147545538,2026-04
2627,43,2.0487579022875253,2026-04
26281,41,20.780539292659345,2026-04
26281,43,17.60971449832138,2026-04
2631,43,1.049008284645616,2026-04
2634,43,0.9934143091848363,2026-04
26348,43,12.776520289539624,2026-04
2635,43,0.9934143091848363,2026-04
2638,43,10.365623132732344,2026-04
26385,43,20.858723320451734,2026-04
26385,45,1.049008284645616,2026-04
26417,43,22.54453826204349,2026-04
26430,43,2.0487579022875253,2026-04
26433,43,9.830127393933783,2026-04
26440,43,19.963132091758823,2026-04
26527,43,12.615106169317079,2026-04
26535,43,2.8651338858844873,2026-04
26572,43,22.31997636524072,2026-04
26574,43,27.597166341410826,2026-04
26578,43,9.830127393933783,2026-04
2659,41,20.780539292659345,2026-04
2659,43,1.049008284645616,2026-04
26598,42,0.9934143091848363,2026-04
26598,43,2.0438538030180395,2026-04
26619,41,21.895767113349493,2026-04
2662,43,8.479589846080717,2026-04
2663,43,1.1045028230145564,2026-04
26641,43,1.049008284645616,2026-04
26643,43,2.9105779671037717,2026-04
26644,41,6.891790984560544,2026-04
26644,43,8.144157045443576,2026-04
26644,45,0.9934143091848363,2026-04
26645,42,0.9934143091848363,2026-04
26645,43,4.531134246101811,2026-04
26646,43,1.049008284645616,2026-04
26646,45,0.9934143091848363,2026-04
26647,41,0.9934143091848363,2026-04
26649,43,12.449472088853977,2026-04
26652,41,6.707767486193888,2026-04
26652,43,18.188136986618993,2026-04
26653,43,8.07493266959557,2026-04
26655,43,2.9105779671037717,2026-04
26656,41,23.474207328872453,2026-04
26656,43,1.560047109981016,2026-04
2667,43,2.665452956118369,2026-04
26709,43,2.0487579022875253,2026-04
26716,43,0.9934143091848363,2026-04
26719,41,6.29372841913114,2026-04
26719,43,0.9934143091848363,2026-04
26720,42,0.9934143091848363,2026-04
26720,43,6.894220733471832,2026-04
26723,41,33.976688902627664,2026-04
26725,43,10.202111005172824,2026-04
26726,43,1.3149220989956123,2026-04
26733,43,4.890096967763582,2026-04
26736,43,4.9472200948925105,2026-04
26739,43,18.404175899778465,2026-04
26751,43,4.267530755519762,2026-04
26784,43,1.477530107724259,2026-04
26784,45,0.9934143091848363,2026-04
26788,43,10.768993738736231,2026-04
26847,43,17.50142962407679,2026-04
26851,41,1.560047109981016,2026-04
26852,43,12.537742272086017,2026-04
26852,45,0.9934143091848363,2026-04
26956,43,0.9934143091848363,2026-04
26958,43,2.7898919415570087,2026-04
26975,43,2.8651338858844873,2026-04
26976,41,0.9934143091848363,2026-04
26976,42,0.9934143091848363,2026-04
26976,43,19.174477370582462,2026-04
26977,43,0.9934143091848363,2026-04
26978,41,0.9934143091848363,2026-04
26978,43,53.141465421278994,2026-04
26979,43,33.149615366537994,2026-04
26985,43,18.53023520369251,2026-04
26989,41,20.780539292659345,2026-04
26989,43,19.553249506025637,2026-04
26990,43,12.587321488882678,2026-04
26992,41,20.780539292659345,2026-04
26993,41,6.891790984560544,2026-04
26993,43,8.860142121486927,2026-04
26996,43,12.776520289539624,2026-04
26997,41,8.237626266708336,2026-04
26997,43,21.82489877931456,2026-04
26998,41,33.675025299382284,2026-04
26998,43,8.07493266959557,2026-04
26999,41,5.081013091174229,2026-04
27000,41,0.9934143091848363,2026-04
27000,43,16.628134147545538,2026-04
27001,41,1.334570067862311,2026-04
27001,43,41.2175991626647,2026-04
27004,43,8.479589846080717,2026-04
27015,41,27.27269347882847,2026-04
27015,43,0.9934143091848363,2026-04
27016,43,0.9934143091848363,2026-04
27017,41,178.63094222145185,2026-04
27018,43,1.6766871930221101,2026-04
27019,41,6.214148426915747,2026-04
27019,43,3.2455077106306924,2026-04
27029,43,0.9934143091848363,2026-04
27045,43,0.9934143091848363,2026-04
27048,41,1.62109321756133,2026-04
27049,41,1.334570067862311,2026-04
27049,43,13.658060074560545,2026-04
27056,43,9.123745612068975,2026-04
27056,45,1.049008284645616,2026-04
27057,43,9.830127393933783,2026-04
27087,43,12.587321488882678,2026-04
27090,43,4.1356589676212,2026-04
27119,43,12.373149683535736,2026-04
27121,42,0.9934143091848363,2026-04
27122,41,33.154861744674015,2026-04
27122,43,4.4085368794546715,2026-04
27134,41,1.9067544378698646,2026-04
27140,43,12.587321488882678,2026-04
272,43,2.7898919415570087,2026-04
27201,43,12.537742272086017,2026-04
27206,42,0.9934143091848363,2026-04
27206,43,0.9934143091848363,2026-04
27252,41,0.9934143091848363,2026-04
2727,43,29.738180124480607,2026-04
27273,43,1.573075348885577,2026-04
27273,45,1.049008284645616,2026-04
27300,41,4.6669740241114805,2026-04
27309,43,17.116186546097005,2026-04
27311,43,1.955583619785999,2026-04
27311,45,1.049008284645616,2026-04
27348,41,1.9067544378698646,2026-04
27350,43,2.8651338858844873,2026-04
27385,43,2.443804114523718,2026-04
27391,41,0.9934143091848363,2026-04
27391,43,0.9934143091848363,2026-04
27392,43,8.07493266959557,2026-04
27397,43,8.567860029312758,2026-04
27399,41,0.9934143091848363,2026-04
27403,43,0.9934143091848363,2026-04
27409,43,1.049008284645616,2026-04
27411,41,33.154861744674015,2026-04
27415,43,12.587321488882678,2026-04
27418,41,1.334570067862311,2026-04
27418,43,3.2572852949926205,2026-04
27419,41,0.9934143091848363,2026-04
27424,41,4.898201682890469,2026-04
27424,43,29.738180124480607,2026-04
27424,45,0.9934143091848363,2026-04
27428,43,37.621878459460525,2026-04
27446,43,8.479589846080717,2026-04
27451,43,22.88770041641152,2026-04
27494,43,0.9934143091848363,2026-04
27545,43,0.9934143091848363,2026-04
27546,43,5.469284269572397,2026-04
2755,43,25.4951496319783,2026-04
27551,43,8.571272663585143,2026-04
27551,45,0.9934143091848363,2026-04
2756,43,1.1600967984753365,2026-04
27570,43,2.7898919415570087,2026-04
2758,43,1.049008284645616,2026-04
27613,43,12.776520289539624,2026-04
27756,43,13.658060074560545,2026-04
27818,43,0.9934143091848363,2026-04
27820,43,9.123745612068975,2026-04
27827,43,12.537742272086017,2026-04
27935,41,20.780539292659345,2026-04
27941,43,24.434162499172775,2026-04
27977,43,1.049008284645616,2026-04
27978,43,17.891183905913135,2026-04
28086,41,33.096436588607794,2026-04
28150,43,0.9934143091848363,2026-04
28164,43,0.9934143091848363,2026-04
28200,43,2.652424717213808,2026-04
28210,43,12.587321488882678,2026-04
2822,41,20.780539292659345,2026-04
28226,43,17.512379931112964,2026-04
2824,43,9.830127393933783,2026-04
28275,43,27.597166341410826,2026-04
2830,43,8.07493266959557,2026-04
284,43,22.93226132085532,2026-04
2840,41,4.800479956859065,2026-04
2840,43,20.06838003969607,2026-04
2842,41,20.780539292659345,2026-04
2842,43,9.160595217556766,2026-04
2843,43,1.7191856272479908,2026-04
2848,43,30.82112405324318,2026-04
28544,43,3.908579509054007,2026-04
2856,43,24.789954992412344,2026-04
2859,43,1.049008284645616,2026-04
2861,41,32.70106369909205,2026-04
2862,41,0.9934143091848363,2026-04
2862,43,1.049008284645616,2026-04
2864,43,18.398465804758814,2026-04
2887,43,3.2455077106306924,2026-04
289,43,1.1045028230145564,2026-04
29004,43,62.86845459247007,2026-04
29004,45,1.2188913513035406,2026-04
29007,43,14.142684187202326,2026-04
29008,41,2.801848988689461,2026-04
29008,43,12.45519230475382,2026-04
29009,41,39.252958782557904,2026-04
29009,43,53.20465077687742,2026-04
29027,41,4.800479956859065,2026-04
29051,41,0.9934143091848363,2026-04
29051,43,2.652424717213808,2026-04
29052,41,0.9934143091848363,2026-04
29053,43,12.587321488882678,2026-04
29061,43,12.587321488882678,2026-04
29068,41,33.096436588607794,2026-04
29068,43,4.1356589676212,2026-04
2908,43,18.53023520369251,2026-04
2912,43,4.970038425490192,2026-04
29125,43,0.9934143091848363,2026-04
29133,43,1.477530107724259,2026-04
29162,43,23.283073305927264,2026-04
29165,43,18.53023520369251,2026-04
29166,43,2.8651338858844873,2026-04
29175,43,17.891183905913135,2026-04
29179,43,26.50542576562925,2026-04
29184,43,10.202111005172824,2026-04
2957,43,3.1741814576858194,2026-04
2962,41,0.9934143091848363,2026-04
2962,43,0.9934143091848363,2026-04
2967,41,4.800479956859065,2026-04
2969,41,30.472270002359725,2026-04
2977,43,1.1045028230145564,2026-04
2986,43,0.9934143091848363,2026-04
3018,43,12.537742272086017,2026-04
302,43,0.9934143091848363,2026-04
3052,43,9.830127393933783,2026-04
3069,43,23.283073305927264,2026-04
308,45,8.479589846080717,2026-04
3103,41,1.334570067862311,2026-04
3114,43,11.242523728258481,2026-04
3121,41,26.935488793771853,2026-04
3121,43,17.60971449832138,2026-04
3133,43,1.334570067862311,2026-04
3144,43,2.5771827728863292,2026-04
3182,43,17.50142962407679,2026-04
3197,43,9.830127393933783,2026-04
3213,43,3.5208887855746682,2026-04
3216,43,22.451745764174415,2026-04
3217,43,8.831463519894806,2026-04
3218,43,5.964526564520646,2026-04
3218,45,0.9934143091848363,2026-04
322,43,18.53023520369251,2026-04
323,43,3.2455077106306924,2026-04
325,41,23.020409283290494,2026-04
325,43,4.979793005146895,2026-04
3377,43,13.637379487631181,2026-04
339,43,24.434162499172775,2026-04
3454,43,0.9934143091848363,2026-04
3458,43,1.1045028230145564,2026-04
3747,43,30.82112405324318,2026-04
3751,43,16.371167123022673,2026-04
3751,45,0.9934143091848363,2026-04
3752,43,25.626919030911996,2026-04
3753,43,2.652424717213808,2026-04
3760,43,34.85810157472056,2026-04
3761,41,20.780539292659345,2026-04
3761,43,5.210823585474559,2026-04
3762,41,32.050710217882695,2026-04
3762,43,61.144487537873026,2026-04
3764,41,4.320266696222632,2026-04
3764,43,23.283073305927264,2026-04
3764,45,0.9934143091848363,2026-04
3765,41,40.593008705884316,2026-04
3765,43,10.474389295158927,2026-04
3766,41,1.334570067862311,2026-04
3766,43,1.390164043323091,2026-04
3766,45,0.9934143091848363,2026-04
3767,41,54.28221274101797,2026-04
3767,43,36.356610066832495,2026-04
3768,41,32.70106369909205,2026-04
3768,43,9.123745612068975,2026-04
3769,41,1.334570067862311,2026-04
3769,43,37.621878459460525,2026-04
3770,41,35.06752961302596,2026-04
3770,43,57.84731385852615,2026-04
3771,43,19.673007150180325,2026-04
3772,41,4.800479956859065,2026-04
3772,43,3.5208887855746682,2026-04
3773,43,1.1045028230145564,2026-04
3774,43,1.560047109981016,2026-04
3777,43,2.185650864633755,2026-04
3778,43,4.970038425490192,2026-04
3779,41,1.334570067862311,2026-04
3779,43,25.4951496319783,2026-04
3780,43,2.7898919415570087,2026-04
3784,43,3.5208887855746682,2026-04
3784,45,0.9934143091848363,2026-04
3785,43,13.658060074560545,2026-04
3789,43,1.7958675358040532,2026-04
3791,41,20.780539292659345,2026-04
3792,42,0.9934143091848363,2026-04
3792,43,14.543052386308863,2026-04
3792,45,0.9934143091848363,2026-04
3793,45,1.049008284645616,2026-04
3795,43,13.2964345585511,2026-04
3800,43,12.587321488882678,2026-04
3801,41,4.800479956859065,2026-04
3803,41,30.472270002359725,2026-04
3804,43,17.50142962407679,2026-04
3806,41,33.096436588607794,2026-04
3806,43,2.2381843494648215,2026-04
3806,45,0.9934143091848363,2026-04
3807,41,33.976688902627664,2026-04
3807,43,2.5771827728863292,2026-04
3808,43,33.45407342604928,2026-04
3810,43,0.9934143091848363,2026-04
3811,43,8.860142121486927,2026-04
3812,41,0.9934143091848363,2026-04
3814,43,1.4031922822276521,2026-04
3815,43,17.512379931112964,2026-04
3816,43,12.587321488882678,2026-04
3817,41,24.032034642317726,2026-04
3821,41,21.895767113349493,2026-04
3821,43,0.9934143091848363,2026-04
3823,43,22.5968405840674,2026-04
3825,41,4.800479956859065,2026-04
3826,42,0.9934143091848363,2026-04
3826,43,2.835336022776293,2026-04
3827,41,30.472270002359725,2026-04
3827,43,12.587321488882678,2026-04
3828,43,13.658060074560545,2026-04
3829,41,8.846201984874687,2026-04
3829,42,0.9934143091848363,2026-04
3829,43,29.80475244011441,2026-04
3830,41,1.334570067862311,2026-04
3830,43,12.449472088853977,2026-04
3832,43,1.4031922822276521,2026-04
3833,43,12.587321488882678,2026-04
3836,43,18.398465804758814,2026-04
3837,43,0.9934143091848363,2026-04
3839,43,13.285089992631066,2026-04
3841,43,1.3071615345355805,2026-04
3842,41,5.081013091174229,2026-04
3842,43,42.746145685815485,2026-04
3843,43,13.776730781866995,2026-04
3844,43,22.5062897260705,2026-04
3844,45,0.9934143091848363,2026-04
3848,43,1.049008284645616,2026-04
3849,43,1.049008284645616,2026-04
3851,43,36.30503156724156,2026-04
3856,43,0.9934143091848363,2026-04
3859,43,4.1356589676212,2026-04
3861,43,0.9934143091848363,2026-04
3863,41,1.6766871930221101,2026-04
3863,43,43.520901530883826,2026-04
3866,43,1.7191856272479908,2026-04
3868,41,1.2188913513035406,2026-04
3868,43,1.3299798651332613,2026-04
3869,43,1.7557110816512584,2026-04
3872,41,2.2116869088064237,2026-04
3872,43,1.049008284645616,2026-04
3873,43,80.15869886058853,2026-04
3873,44,0.9934143091848363,2026-04
3873,45,1.049008284645616,2026-04
3874,43,17.416040055829168,2026-04
3875,41,0.9934143091848363,2026-04
3875,43,8.144157045443576,2026-04
3876,41,23.97360948625151,2026-04
3876,43,18.398465804758814,2026-04
3879,43,9.830127393933783,2026-04
3881,41,4.800479956859065,2026-04
3881,43,44.764097734282046,2026-04
3884,43,1.1045028230145564,2026-04
3886,43,28.50602213594932,2026-04
3887,43,18.398465804758814,2026-04
3889,43,16.628134147545538,2026-04
3890,41,1.334570067862311,2026-04
3890,43,8.144157045443576,2026-04
3891,41,99.48022682601325,2026-04
3891,43,31.510672634658906,2026-04
3892,43,13.615607386549964,2026-04
3893,41,1.6766871930221101,2026-04
3893,43,0.9934143091848363,2026-04
3894,41,0.9934143091848363,2026-04
3894,43,3.4456468412471897,2026-04
3895,41,0.9934143091848363,2026-04
3895,43,8.971230635316648,2026-04
3899,45,1.1045028230145564,2026-04
390,43,5.0593729973622885,2026-04
391,43,65.54887542837582,2026-04
3910,41,1.9067544378698646,2026-04
3910,43,5.210823585474559,2026-04
3913,43,9.830127393933783,2026-04
3915,43,2.9105779671037717,2026-04
3915,45,0.9934143091848363,2026-04
3917,43,21.895767113349493,2026-04
3918,43,4.7016445567028,2026-04
392,41,6.29372841913114,2026-04
392,43,32.79221707766136,2026-04
39205,43,16.628134147545538,2026-04
39208,42,0.9934143091848363,2026-04
39208,43,41.95137455994608,2026-04
3921,45,0.9934143091848363,2026-04
39214,41,32.050710217882695,2026-04
39214,43,12.587321488882678,2026-04
39215,43,17.28309755786078,2026-04
39216,43,0.9934143091848363,2026-04
39218,43,22.10756317553152,2026-04
39219,43,12.587321488882678,2026-04
3922,43,30.200125329630154,2026-04
3922,45,1.049008284645616,2026-04
3923,41,30.55961015856751,2026-04
39233,43,1.565800290956299,2026-04
3924,41,20.780539292659345,2026-04
3924,43,33.97784926070068,2026-04
39252,43,22.451745764174415,2026-04
39254,41,32.8153099705701,2026-04
39254,43,1.049008284645616,2026-04
39257,43,9.830127393933783,2026-04
3926,43,18.92482623628724,2026-04
39260,43,0.9934143091848363,2026-04
39261,43,0.9934143091848363,2026-04
39262,43,0.9934143091848363,2026-04
39263,43,13.240770281429196,2026-04
3927,41,4.800479956859065,2026-04
3927,43,21.556655241231322,2026-04
39271,41,20.780539292659345,2026-04
39271,43,22.451745764174415,2026-04
39272,41,74.13755573130433,2026-04
39272,43,5.976640693519521,2026-04
39273,41,10.986256172255125,2026-04
39273,42,0.9934143091848363,2026-04
39273,43,336.7128439757692,2026-04
39273,45,0.9934143091848363,2026-04
39274,43,30.618432438500484,2026-04
39276,42,0.9934143091848363,2026-04
39276,43,23.283073305927264,2026-04
39276,45,1.049008284645616,2026-04
3928,43,8.219398989771054,2026-04
39282,41,4.800479956859065,2026-04
39282,43,2.652424717213808,2026-04
39284,43,2.8651338858844873,2026-04
39287,43,0.9934143091848363,2026-04
3929,43,1.7958675358040532,2026-04
39296,43,2.652424717213808,2026-04
39298,41,0.9934143091848363,2026-04
393,41,21.895767113349493,2026-04
39304,41,1.9067544378698646,2026-04
39304,43,0.9934143091848363,2026-04
39308,43,9.71984517291792,2026-04
39319,43,2.8651338858844873,2026-04
3933,41,33.096436588607794,2026-04
3933,43,32.85055689198691,2026-04
3934,41,32.90026945431395,2026-04
39344,42,0.9934143091848363,2026-04
39344,43,14.04498758224418,2026-04
3935,42,0.9934143091848363,2026-04
3935,43,14.040334272449043,2026-04
3936,41,0.9934143091848363,2026-04
39365,43,0.9934143091848363,2026-04
3938,43,12.615106169317079,2026-04
39381,41,6.2054582358991,2026-04
39381,43,1.2897596853384756,2026-04
39382,43,48.91709009011641,2026-04
39383,43,1.477530107724259,2026-04
39384,43,1.049008284645616,2026-04
3939,41,30.472270002359725,2026-04
3939,43,15.008163607914938,2026-04
39394,41,371.2150207771019,2026-04
39394,43,523.4573196466037,2026-04
39394,45,0.9934143091848363,2026-04
39395,41,149.97466668646084,2026-04
39395,43,297.8402178579933,2026-04
394,43,12.461419866767777,2026-04
3940,41,23.474207328872453,2026-04
3941,41,33.976688902627664,2026-04
3941,43,28.985412001933884,2026-04
39428,43,12.449472088853977,2026-04
39450,43,0.9934143091848363,2026-04
3946,43,14.04498758224418,2026-04
3949,45,1.390164043323091,2026-04
395,43,3.1741814576858194,2026-04
3951,43,14.040334272449043,2026-04
39515,43,3.5208887855746682,2026-04
39516,43,4.7016445567028,2026-04
3952,41,30.472270002359725,2026-04
3952,42,0.9934143091848363,2026-04
3952,43,36.79594517511291,2026-04
3952,45,1.049008284645616,2026-04
39526,43,9.830127393933783,2026-04
39529,43,2.5771827728863292,2026-04
3953,41,5.081013091174229,2026-04
3953,43,41.439506692913376,2026-04
39539,43,0.9934143091848363,2026-04
39548,43,1.570704390225784,2026-04
39556,43,0.9934143091848363,2026-04
39566,41,24.032034642317726,2026-04
39566,43,0.9934143091848363,2026-04
3957,41,33.096436588607794,2026-04
3957,42,0.9934143091848363,2026-04
3957,43,8.985403429208466,2026-04
39579,43,0.9934143091848363,2026-04
39587,43,0.9934143091848363,2026-04
396,43,1.334570067862311,2026-04
39615,41,0.9934143091848363,2026-04
39615,43,11.033862262755774,2026-04
39616,41,0.9934143091848363,2026-04
39616,43,16.697720179942454,2026-04
39618,41,53.6915637245673,2026-04
39618,43,29.80475244011441,2026-04
39622,41,6.891790984560544,2026-04
39650,43,6.017048057657772,2026-04
39669,43,23.283073305927264,2026-04
397,43,1.630915444015951,2026-04
39708,40,0.9934143091848363,2026-04
39708,41,1.6766871930221101,2026-04
39708,43,1.049008284645616,2026-04
39715,43,18.398465804758814,2026-04
39716,43,25.02121732325643,2026-04
39716,45,1.7191856272479908,2026-04
39720,41,20.780539292659345,2026-04
39720,43,12.449472088853977,2026-04
39731,41,8.238487566488073,2026-04
39731,43,18.398465804758814,2026-04
3974,43,0.9934143091848363,2026-04
39741,43,18.53023520369251,2026-04
39741,45,0.9934143091848363,2026-04
39771,43,1.1045028230145564,2026-04
39772,41,1.334570067862311,2026-04
39772,43,13.991033794189477,2026-04
39788,43,0.9934143091848363,2026-04
3981,41,33.154861744674015,2026-04
3981,43,22.662074582314236,2026-04
3981,45,0.9934143091848363,2026-04
3982,41,0.9934143091848363,2026-04
3982,43,8.622769595774944,2026-04
39827,43,2.185650864633755,2026-04
3983,43,3.5208887855746682,2026-04
3984,43,16.051873315943965,2026-04
3984,44,0.9934143091848363,2026-04
3984,45,0.9934143091848363,2026-04
39848,43,30.82112405324318,2026-04
3985,43,2.0823906855030745,2026-04
39850,43,4.7016445567028,2026-04
39850,45,0.9934143091848363,2026-04
39861,43,18.53023520369251,2026-04
39862,43,9.830127393933783,2026-04
39868,41,33.31336942942325,2026-04
39868,43,12.587321488882678,2026-04
39871,43,2.5771827728863292,2026-04
3988,43,1.3149220989956123,2026-04
3989,41,0.9934143091848363,2026-04
3990,41,6.354910144948009,2026-04
3990,43,10.202111005172824,2026-04
39902,41,53.6915637245673,2026-04
39902,43,46.405849421838376,2026-04
39904,41,20.780539292659345,2026-04
3991,43,32.188057464620286,2026-04
39918,43,8.479589846080717,2026-04
3992,41,33.154861744674015,2026-04
3992,43,3.1741814576858194,2026-04
39925,43,2.7782759391407006,2026-04
39927,41,4.73430576328538,2026-04
39935,43,0.9934143091848363,2026-04
39936,43,12.373149683535736,2026-04
3994,43,12.461419866767777,2026-04
3995,41,94.26226493024943,2026-04
3995,42,0.9934143091848363,2026-04
3995,43,11.609174087502247,2026-04
39951,41,33.096436588607794,2026-04
3997,43,0.9934143091848363,2026-04
3997,45,0.9934143091848363,2026-04
3998,43,0.9934143091848363,2026-04
39980,43,1.1600967984753365,2026-04
39994,45,2.8651338858844873,2026-04
39995,43,12.449472088853977,2026-04
400,41,1.9067544378698646,2026-04
400,43,2.0438538030180395,2026-04
4001,41,0.9934143091848363,2026-04
40016,43,2.652424717213808,2026-04
40026,43,2.652424717213808,2026-04
4003,43,0.9934143091848363,2026-04
40030,41,1.334570067862311,2026-04
40037,43,0.9934143091848363,2026-04
40038,43,10.68072355550419,2026-04
4004,40,0.9934143091848363,2026-04
4004,41,0.9934143091848363,2026-04
4004,43,2.835336022776293,2026-04
4005,43,0.9934143091848363,2026-04
40067,41,30.472270002359725,2026-04
4007,41,30.472270002359725,2026-04
4007,43,1.1372784678776557,2026-04
40072,43,2.9814463011387065,2026-04
4008,43,18.398465804758814,2026-04
40084,43,10.198457723249287,2026-04
40090,43,2.7898919415570087,2026-04
40098,43,19.174477370582462,2026-04
401,45,0.9934143091848363,2026-04
4010,41,0.9934143091848363,2026-04
4010,42,0.9934143091848363,2026-04
4010,43,13.658060074560545,2026-04
4010,45,0.9934143091848363,2026-04
40100,43,9.457103993583312,2026-04
40102,43,1.2593281235348321,2026-04
40102,45,0.9934143091848363,2026-04
40110,43,0.9934143091848363,2026-04
40111,41,33.154861744674015,2026-04
40111,43,9.830127393933783,2026-04
40111,45,0.9934143091848363,2026-04
40119,43,24.82240384619382,2026-04
40138,43,1.570704390225784,2026-04
4015,41,35.06752961302596,2026-04
4015,43,1.1632973758427605,2026-04
40171,41,6.891790984560544,2026-04
40181,41,0.9934143091848363,2026-04
40181,43,28.721808511351835,2026-04
40181,45,1.573075348885577,2026-04
40188,43,2.652424717213808,2026-04
4019,41,1.9067544378698646,2026-04
40191,43,8.479589846080717,2026-04
40195,43,0.9934143091848363,2026-04
40197,43,17.891183905913135,2026-04
40197,45,0.9934143091848363,2026-04
402,43,8.144157045443576,2026-04
40211,43,13.056908790226187,2026-04
40214,43,9.830127393933783,2026-04
40219,43,5.30684625398002,2026-04
4022,43,2.9814463011387065,2026-04
40229,41,0.9934143091848363,2026-04
40229,43,13.644140887433084,2026-04
40231,43,29.738180124480607,2026-04
40231,45,0.9934143091848363,2026-04
40232,43,17.116186546097005,2026-04
40253,43,1.955583619785999,2026-04
40259,43,0.9934143091848363,2026-04
4026,43,0.9934143091848363,2026-04
40261,43,1.049008284645616,2026-04
4028,43,0.9934143091848363,2026-04
4029,43,3.5208887855746682,2026-04
40297,43,0.9934143091848363,2026-04
403,41,20.780539292659345,2026-04
403,43,10.768993738736231,2026-04
4030,43,0.9934143091848363,2026-04
40306,43,14.04498758224418,2026-04
40308,43,0.9934143091848363,2026-04
40310,43,2.7898919415570087,2026-04
40319,43,8.860142121486927,2026-04
4032,43,0.9934143091848363,2026-04
4033,43,1.2188913513035406,2026-04
4034,41,0.9934143091848363,2026-04
4034,43,23.283073305927264,2026-04
40343,41,0.9934143091848363,2026-04
40343,43,4.179260572287722,2026-04
40357,43,5.210823585474559,2026-04
4036,43,3.182043350665142,2026-04
40361,43,0.9934143091848363,2026-04
40361,45,0.9934143091848363,2026-04
40363,41,4.800479956859065,2026-04
40363,43,0.9934143091848363,2026-04
4037,43,28.511037471853253,2026-04
40374,41,20.780539292659345,2026-04
4039,43,23.15130390699357,2026-04
40391,43,0.9934143091848363,2026-04
40418,41,4.800479956859065,2026-04
40418,43,2.8651338858844873,2026-04
40432,41,33.976688902627664,2026-04
40432,43,10.290381188404865,2026-04
40432,45,0.9934143091848363,2026-04
40434,45,0.9934143091848363,2026-04
40435,43,19.963132091758823,2026-04
40442,43,13.644140887433084,2026-04
40459,43,38.6762256826339,2026-04
40475,43,32.188057464620286,2026-04
40477,43,22.86587889593812,2026-04
40488,43,20.929591654486668,2026-04
4049,41,33.154861744674015,2026-04
4049,43,8.479589846080717,2026-04
40494,43,0.9934143091848363,2026-04
40496,43,2.747065839544254,2026-04
4050,41,33.096436588607794,2026-04
40502,41,20.780539292659345,2026-04
40508,43,9.830127393933783,2026-04
40509,43,14.04498758224418,2026-04
4051,43,2.8651338858844873,2026-04
40515,43,8.07493266959557,2026-04
40543,43,2.8651338858844873,2026-04
40549,43,0.9934143091848363,2026-04
40558,43,2.5771827728863292,2026-04
40558,45,0.9934143091848363,2026-04
40563,43,6.12050485221234,2026-04
40564,41,0.9934143091848363,2026-04
40573,41,5.081013091174229,2026-04
40576,43,4.785089513508008,2026-04
40580,43,0.9934143091848363,2026-04
406,43,16.628134147545538,2026-04
4061,41,0.9934143091848363,2026-04
4061,43,10.202111005172824,2026-04
40614,41,4.800479956859065,2026-04
40615,43,0.9934143091848363,2026-04
40620,43,8.07493266959557,2026-04
40621,43,33.310301554007786,2026-04
40622,43,0.9934143091848363,2026-04
4067,43,18.831957792540287,2026-04
40671,41,20.780539292659345,2026-04
40671,43,0.9934143091848363,2026-04
40676,41,35.06752961302596,2026-04
40676,43,2.1986791035383155,2026-04
40678,41,0.9934143091848363,2026-04
4068,43,9.830127393933783,2026-04
40693,43,8.479589846080717,2026-04
40693,45,1.5119704722894245,2026-04
407,43,17.353965891895715,2026-04
40705,43,0.9934143091848363,2026-04
4071,41,1.334570067862311,2026-04
4071,43,1.334570067862311,2026-04
4072,43,10.768993738736231,2026-04
4078,41,21.895767113349493,2026-04
4079,41,0.9934143091848363,2026-04
40865,43,12.587321488882678,2026-04
40927,43,8.07493266959557,2026-04
40932,43,0.9934143091848363,2026-04
40948,43,1.390164043323091,2026-04
40955,43,4.267530755519762,2026-04
40958,43,2.0487579022875253,2026-04
40960,43,5.469284269572397,2026-04
40969,43,1.570704390225784,2026-04
40975,41,34.812937322665896,2026-04
40975,43,2.9105779671037717,2026-04
41004,43,9.830127393933783,2026-04
41007,43,4.7016445567028,2026-04
41009,41,33.154861744674015,2026-04
41028,43,45.572737316975115,2026-04
41028,45,0.9934143091848363,2026-04
41045,43,0.9934143091848363,2026-04
41047,43,9.830127393933783,2026-04
41048,43,31.510672634658906,2026-04
41049,43,8.144157045443576,2026-04
41053,43,3.5208887855746682,2026-04
41057,43,2.835336022776293,2026-04
41097,43,1.049008284645616,2026-04
41109,43,1.334570067862311,2026-04
41137,43,9.830127393933783,2026-04
41163,43,10.68072355550419,2026-04
41168,41,152.60054831379463,2026-04
41168,43,167.52632855285447,2026-04
41172,43,23.283073305927264,2026-04
41183,43,2.0487579022875253,2026-04
41186,43,1.1045028230145564,2026-04
41188,41,87.6209972518414,2026-04
41188,43,43.68328445875195,2026-04
41190,41,30.472270002359725,2026-04
41190,43,8.07493266959557,2026-04
41199,43,1.049008284645616,2026-04
41209,43,13.658060074560545,2026-04
41209,45,0.9934143091848363,2026-04
41212,40,6.056220685734914,2026-04
41212,41,16.06513173770816,2026-04
41212,43,23.184966805183972,2026-04
41214,41,6.628187493978495,2026-04
41214,43,15.307975421213593,2026-04
41217,43,5.234073287925706,2026-04
41218,43,9.830127393933783,2026-04
41218,45,1.049008284645616,2026-04
41220,43,17.50142962407679,2026-04
41226,43,1.2483669817073764,2026-04
41229,42,0.9934143091848363,2026-04
41229,43,33.07572391904996,2026-04
41229,45,0.9934143091848363,2026-04
41231,41,73.58731135720569,2026-04
41231,43,263.3973639940417,2026-04
41232,43,0.9934143091848363,2026-04
41235,43,12.587321488882678,2026-04
41240,43,0.9934143091848363,2026-04
41243,41,4.800479956859065,2026-04
41243,43,1.3149220989956123,2026-04
41243,45,1.049008284645616,2026-04
41245,43,1.3149220989956123,2026-04
41251,42,0.9934143091848363,2026-04
41251,43,44.284136144117554,2026-04
41252,43,24.434162499172775,2026-04
41263,41,4.6669740241114805,2026-04
41267,43,25.23154614139625,2026-04
41268,43,3.175780392230035,2026-04
41268,45,0.9934143091848363,2026-04
41272,43,0.9934143091848363,2026-04
41284,43,14.543052386308863,2026-04
41291,43,17.50142962407679,2026-04
41297,41,14.498450596431336,2026-04
41297,43,203.0859512548668,2026-04
41298,43,2.9105779671037717,2026-04
41308,41,33.976688902627664,2026-04
41314,43,3.245049791720754,2026-04
41336,43,12.776520289539624,2026-04
41369,41,35.06752961302596,2026-04
41369,43,0.9934143091848363,2026-04
41375,43,2.8651338858844873,2026-04
41377,43,9.830127393933783,2026-04
41378,43,14.04498758224418,2026-04
41384,43,1.560047109981016,2026-04
41385,43,13.856535171183399,2026-04
41386,41,20.780539292659345,2026-04
41388,43,13.440234707105766,2026-04
41391,43,37.89576309032491,2026-04
41391,45,0.9934143091848363,2026-04
41393,43,19.936610640762375,2026-04
41393,45,0.9934143091848363,2026-04
41394,43,4.970038425490192,2026-04
41397,43,12.615106169317079,2026-04
414,43,7.391250364336704,2026-04
41403,41,4.6669740241114805,2026-04
41403,43,20.84542344266084,2026-04
41433,43,12.537742272086017,2026-04
41435,43,9.123745612068975,2026-04
41436,41,33.154861744674015,2026-04
41441,43,12.587321488882678,2026-04
41445,43,8.307669173003095,2026-04
41449,43,1.2593281235348321,2026-04
41454,43,8.144157045443576,2026-04
41458,43,0.9934143091848363,2026-04
41462,43,1.049008284645616,2026-04
41484,43,8.07493266959557,2026-04
41531,43,12.449472088853977,2026-04
41534,41,30.472270002359725,2026-04
41536,41,33.976688902627664,2026-04
41536,43,12.615106169317079,2026-04
41559,43,2.652424717213808,2026-04
41571,43,12.587321488882678,2026-04
41572,43,8.860142121486927,2026-04
41573,43,8.860142121486927,2026-04
41574,41,21.895767113349493,2026-04
41580,43,9.123745612068975,2026-04
41582,43,12.615106169317079,2026-04
41583,43,13.491062722322946,2026-04
41608,43,9.830127393933783,2026-04
41613,43,9.830127393933783,2026-04
41615,43,9.830127393933783,2026-04
41629,43,61.539049312727975,2026-04
41637,43,9.830127393933783,2026-04
41640,43,12.587321488882678,2026-04
41651,43,2.7898919415570087,2026-04
41652,43,9.830127393933783,2026-04
4274,43,10.768993738736231,2026-04
4314,41,0.9934143091848363,2026-04
4332,41,1.334570067862311,2026-04
4332,43,1.1045028230145564,2026-04
4343,43,17.891183905913135,2026-04
4346,41,0.9934143091848363,2026-04
4347,43,8.07493266959557,2026-04
4351,43,8.07493266959557,2026-04
4353,43,1.049008284645616,2026-04
4359,43,1.829403781538347,2026-04
4380,43,0.9934143091848363,2026-04
440,41,0.9934143091848363,2026-04
4468,42,0.9934143091848363,2026-04
4468,43,0.9934143091848363,2026-04
4503,43,0.9934143091848363,2026-04
4542,43,33.096436588607794,2026-04
4564,43,2.7406949004458476,2026-04
4625,43,8.07493266959557,2026-04
4632,43,0.9934143091848363,2026-04
4649,43,1.570704390225784,2026-04
4663,43,0.9934143091848363,2026-04
468,43,12.373149683535736,2026-04
4695,43,3.637659119738825,2026-04
4703,43,0.9934143091848363,2026-04
475,41,6.336616893793887,2026-04
477,41,37.781133008222035,2026-04
477,43,5.210823585474559,2026-04
477,45,1.049008284645616,2026-04
478,43,0.9934143091848363,2026-04
4795,43,1.334570067862311,2026-04
4810,41,0.9934143091848363,2026-04
4832,43,5.210823585474559,2026-04
4841,43,8.07493266959557,2026-04
485,41,0.9934143091848363,2026-04
485,43,20.780539292659345,2026-04
4863,43,0.9934143091848363,2026-04
4865,43,1.829403781538347,2026-04
488,43,0.9934143091848363,2026-04
4881,41,30.472270002359725,2026-04
4881,43,0.9934143091848363,2026-04
4885,43,23.283073305927264,2026-04
4893,43,1.049008284645616,2026-04
4899,41,4.320266696222632,2026-04
4899,43,12.878709659899126,2026-04
4899,45,0.9934143091848363,2026-04
49,43,1.334570067862311,2026-04
4943,43,2.0487579022875253,2026-04
5049,42,0.9934143091848363,2026-04
5049,43,17.28309755786078,2026-04
5081,43,0.9934143091848363,2026-04
5086,43,0.9934143091848363,2026-04
51,43,9.830127393933783,2026-04
5124,43,4.1356589676212,2026-04
5173,41,3.175780392230035,2026-04
5181,41,4.800479956859065,2026-04
5212,43,15.920103917010268,2026-04
5217,43,2.1104089203062766,2026-04
5219,43,4.970038425490192,2026-04
5220,43,2.0487579022875253,2026-04
5241,43,5.199329881256994,2026-04
5243,43,1.829403781538347,2026-04
5245,43,18.895789971486426,2026-04
5249,43,6.196433270602497,2026-04
5250,43,0.9934143091848363,2026-04
5251,43,1.1045028230145564,2026-04
5255,43,12.449472088853977,2026-04
5261,43,8.07493266959557,2026-04
5264,43,2.5771827728863292,2026-04
5290,41,0.9934143091848363,2026-04
5291,43,1.1045028230145564,2026-04
5304,43,1.3071615345355805,2026-04
5311,43,12.587321488882678,2026-04
5350,43,1.049008284645616,2026-04
5360,43,10.202111005172824,2026-04
5362,43,1.390164043323091,2026-04
5382,43,2.273921047865794,2026-04
5393,41,0.9934143091848363,2026-04
5409,41,20.780539292659345,2026-04
5409,43,1.334570067862311,2026-04
5412,43,18.398465804758814,2026-04
5413,43,1.049008284645616,2026-04
5418,43,16.730088958323464,2026-04
5432,43,1.049008284645616,2026-04
5433,43,1.334570067862311,2026-04
5435,43,0.9934143091848363,2026-04
5438,43,2.9457131473822806,2026-04
5440,43,12.449472088853977,2026-04
5447,43,10.856674627301777,2026-04
5453,41,6.707767486193888,2026-04
5453,43,0.9934143091848363,2026-04
5465,43,2.835336022776293,2026-04
5472,43,2.0487579022875253,2026-04
5484,43,1.2483669817073764,2026-04
5484,45,0.9934143091848363,2026-04
5501,43,1.390164043323091,2026-04
5502,43,13.644140887433084,2026-04
5523,43,9.160595217556766,2026-04
554,43,0.9934143091848363,2026-04
5583,41,30.472270002359725,2026-04
5583,43,1.570704390225784,2026-04
5608,43,8.404347901753239,2026-04
5621,43,0.9934143091848363,2026-04
5633,41,20.780539292659345,2026-04
5633,43,1.334570067862311,2026-04
5636,43,1.3071615345355805,2026-04
5639,43,10.68072355550419,2026-04
5640,41,0.9934143091848363,2026-04
5641,43,4.970038425490192,2026-04
5642,43,3.5208887855746682,2026-04
5642,45,1.049008284645616,2026-04
5649,41,20.780539292659345,2026-04
5649,42,0.9934143091848363,2026-04
5649,43,18.352678316164877,2026-04
5649,45,1.049008284645616,2026-04
5651,43,0.9934143091848363,2026-04
5652,43,2.652424717213808,2026-04
5658,43,5.0593729973622885,2026-04
5664,43,1.2593281235348321,2026-04
5669,45,4.7016445567028,2026-04
5672,41,0.9934143091848363,2026-04
5672,43,18.831957792540287,2026-04
5674,41,33.154861744674015,2026-04
5674,43,50.79953674360342,2026-04
5674,45,1.1372784678776557,2026-04
5675,43,16.628134147545538,2026-04
5676,43,10.202111005172824,2026-04
5681,43,0.9934143091848363,2026-04
5682,43,1.560047109981016,2026-04
5683,43,1.049008284645616,2026-04
5686,43,13.658060074560545,2026-04
5690,43,12.461419866767777,2026-04
5690,45,0.9934143091848363,2026-04
5691,43,0.9934143091848363,2026-04
5702,43,9.830127393933783,2026-04
5702,45,0.9934143091848363,2026-04
5713,41,20.780539292659345,2026-04
5715,41,22.453594426794766,2026-04
5715,43,40.96909408690592,2026-04
5720,43,17.50142962407679,2026-04
5725,43,13.644140887433084,2026-04
5726,41,0.9934143091848363,2026-04
5732,43,9.610813934556225,2026-04
5734,43,12.587321488882678,2026-04
5742,43,0.9934143091848363,2026-04
5748,43,10.202111005172824,2026-04
5754,43,8.404347901753239,2026-04
5765,43,17.891183905913135,2026-04
5766,43,0.9934143091848363,2026-04
5768,41,0.9934143091848363,2026-04
5780,43,9.830127393933783,2026-04
5784,43,1.2897596853384756,2026-04
5787,41,33.096436588607794,2026-04
5787,43,4.970038425490192,2026-04
5791,43,18.398465804758814,2026-04
5792,43,8.07493266959557,2026-04
5808,41,0.9934143091848363,2026-04
5820,43,1.390164043323091,2026-04
5843,41,3.175780392230035,2026-04
5847,43,0.9934143091848363,2026-04
5855,43,17.697984681553418,2026-04
5878,43,9.234834125898695,2026-04
5878,45,0.9934143091848363,2026-04
5888,43,10.290381188404865,2026-04
589,43,1.570704390225784,2026-04
5899,43,8.07493266959557,2026-04
5906,41,20.780539292659345,2026-04
5906,43,9.830127393933783,2026-04
5908,41,0.9934143091848363,2026-04
5909,43,12.615106169317079,2026-04
5914,41,4.6669740241114805,2026-04
5917,43,17.891183905913135,2026-04
5920,43,4.385655377216182,2026-04
5920,45,2.258628111683954,2026-04
5921,43,2.9814463011387065,2026-04
5921,45,1.3071615345355805,2026-04
5926,43,12.537742272086017,2026-04
5926,45,1.8366788394676252,2026-04
5927,43,12.087786637833613,2026-04
5929,43,2.0487579022875253,2026-04
5934,43,0.9934143091848363,2026-04
5935,43,23.283073305927264,2026-04
5944,41,4.800479956859065,2026-04
5944,43,0.9934143091848363,2026-04
5945,43,1.560047109981016,2026-04
5956,43,15.980675696026552,2026-04
5965,41,4.800479956859065,2026-04
5965,43,1.049008284645616,2026-04
5970,43,2.7898919415570087,2026-04
5975,43,2.0438538030180395,2026-04
5975,45,0.9934143091848363,2026-04
5977,41,30.472270002359725,2026-04
5977,43,10.768993738736231,2026-04
5984,43,0.9934143091848363,2026-04
5995,43,12.449472088853977,2026-04
6000,43,9.830127393933783,2026-04
6006,43,18.398465804758814,2026-04
6012,43,12.615106169317079,2026-04
6013,43,8.144157045443576,2026-04
6024,43,0.9934143091848363,2026-04
6065,43,14.04498758224418,2026-04
6107,43,2.0487579022875253,2026-04
6127,43,12.373149683535736,2026-04
6129,41,33.154861744674015,2026-04
6136,43,18.53023520369251,2026-04
6146,45,0.9934143091848363,2026-04
6150,43,0.9934143091848363,2026-04
6156,41,32.87253737583636,2026-04
6162,43,4.1356589676212,2026-04
6169,43,9.830127393933783,2026-04
6169,45,3.4456468412471897,2026-04
617,43,8.831463519894806,2026-04
6196,43,12.615106169317079,2026-04
6196,45,1.049008284645616,2026-04
620,43,1.049008284645616,2026-04
621,41,1.334570067862311,2026-04
6213,45,1.049008284645616,2026-04
6216,43,40.66313027660861,2026-04
6216,45,1.1372784678776557,2026-04
6217,43,2.835336022776293,2026-04
6223,43,13.658060074560545,2026-04
6223,45,0.9934143091848363,2026-04
6227,43,9.830127393933783,2026-04
6232,43,1.334570067862311,2026-04
624,42,0.9934143091848363,2026-04
624,43,2.665452956118369,2026-04
625,43,10.290381188404865,2026-04
6257,41,4.970469797343657,2026-04
6289,43,2.7898919415570087,2026-04
630,43,0.9934143091848363,2026-04
6300,43,14.309566035483689,2026-04
6308,43,1.1372784678776557,2026-04
6309,43,0.9934143091848363,2026-04
635,41,20.780539292659345,2026-04
6361,43,10.290381188404865,2026-04
6367,43,0.9934143091848363,2026-04
639,43,0.9934143091848363,2026-04
6399,43,8.07493266959557,2026-04
6407,41,0.9934143091848363,2026-04
6478,43,8.860142121486927,2026-04
6492,43,0.9934143091848363,2026-04
655,43,0.9934143091848363,2026-04
6564,42,0.9934143091848363,2026-04
6564,43,18.53023520369251,2026-04
6566,43,4.1356589676212,2026-04
66,45,0.9934143091848363,2026-04
67,43,0.9934143091848363,2026-04
674,43,8.07493266959557,2026-04
675,41,21.895767113349493,2026-04
6751,41,4.800479956859065,2026-04
6766,43,8.831463519894806,2026-04
6801,43,1.1045028230145564,2026-04
6822,43,19.673007150180325,2026-04
6826,45,1.1372784678776557,2026-04
6871,43,2.652424717213808,2026-04
6879,43,0.9934143091848363,2026-04
6951,43,2.0487579022875253,2026-04
6953,41,23.020409283290494,2026-04
7016,43,2.652424717213808,2026-04
71,43,0.9934143091848363,2026-04
722,43,0.9934143091848363,2026-04
724,43,9.830127393933783,2026-04
727,43,30.618432438500484,2026-04
728,43,1.477530107724259,2026-04
729,41,0.9934143091848363,2026-04
729,43,12.449472088853977,2026-04
73,43,9.424198708138814,2026-04
730,43,2.8651338858844873,2026-04
732,43,1.2593281235348321,2026-04
735,43,1.7206255914765747,2026-04
737,41,33.096436588607794,2026-04
738,43,2.5771827728863292,2026-04
740,42,0.9934143091848363,2026-04
740,43,14.04498758224418,2026-04
7421,43,2.7898919415570087,2026-04
7422,43,0.9934143091848363,2026-04
7425,43,44.62971435772193,2026-04
7429,45,0.9934143091848363,2026-04
7433,43,10.68072355550419,2026-04
7437,43,35.40769951458986,2026-04
7438,43,2.273921047865794,2026-04
7448,43,13.856535171183399,2026-04
7453,43,8.07493266959557,2026-04
7460,41,33.976688902627664,2026-04
7460,43,13.658060074560545,2026-04
7480,43,0.9934143091848363,2026-04
7492,43,1.390164043323091,2026-04
7492,45,1.3071615345355805,2026-04
7517,41,30.472270002359725,2026-04
753,43,1.049008284645616,2026-04
754,43,16.628134147545538,2026-04
7543,41,20.780539292659345,2026-04
7561,43,9.830127393933783,2026-04
761,43,2.8651338858844873,2026-04
7615,43,17.512379931112964,2026-04
7621,43,0.9934143091848363,2026-04
7622,43,3.5208887855746682,2026-04
7629,43,2.8651338858844873,2026-04
7637,43,9.123745612068975,2026-04
7640,43,0.9934143091848363,2026-04
7651,43,16.628134147545538,2026-04
7667,42,0.9934143091848363,2026-04
7667,43,13.636963666445155,2026-04
7673,41,35.06752961302596,2026-04
7673,43,66.13980266727546,2026-04
7673,45,6.538933643314665,2026-04
7687,43,1.955583619785999,2026-04
7699,43,1.1045028230145564,2026-04
7711,43,8.07493266959557,2026-04
7713,43,29.738180124480607,2026-04
7725,41,1.334570067862311,2026-04
7725,43,8.404347901753239,2026-04
7732,45,0.9934143091848363,2026-04
7743,43,2.0487579022875253,2026-04
7748,43,0.9934143091848363,2026-04
775,43,0.9934143091848363,2026-04
7776,43,17.442236075127752,2026-04
7776,45,0.9934143091848363,2026-04
7806,43,31.510672634658906,2026-04
781,43,5.397154043631759,2026-04
7817,43,10.202111005172824,2026-04
7849,43,0.9934143091848363,2026-04
785,43,8.07493266959557,2026-04
7855,43,4.1356589676212,2026-04
7859,41,1.334570067862311,2026-04
7859,43,2.5771827728863292,2026-04
7865,43,14.04498758224418,2026-04
7866,43,12.587321488882678,2026-04
7870,41,33.096436588607794,2026-04
7870,43,10.290381188404865,2026-04
7877,43,0.9934143091848363,2026-04
7878,42,0.9934143091848363,2026-04
7878,43,12.449472088853977,2026-04
7889,43,0.9934143091848363,2026-04
789,43,12.449472088853977,2026-04
7906,43,0.9934143091848363,2026-04
7937,43,1.049008284645616,2026-04
7962,43,29.738180124480607,2026-04
7962,45,0.9934143091848363,2026-04
7980,43,4.1356589676212,2026-04
8,43,10.83646557285985,2026-04
8047,43,4.785089513508008,2026-04
805,41,5.081013091174229,2026-04
8069,43,2.652424717213808,2026-04
8072,43,2.652424717213808,2026-04
8076,43,0.9934143091848363,2026-04
8096,43,10.202111005172824,2026-04
8108,43,9.830127393933783,2026-04
8122,43,8.07493266959557,2026-04
813,41,20.780539292659345,2026-04
8142,43,5.210823585474559,2026-04
8145,43,14.543052386308863,2026-04
8148,43,2.9814463011387065,2026-04
8159,43,0.9934143091848363,2026-04
8166,43,9.903096026730394,2026-04
820,43,10.202111005172824,2026-04
824,41,0.9934143091848363,2026-04
8274,41,4.800479956859065,2026-04
8274,43,8.404347901753239,2026-04
8276,41,33.096436588607794,2026-04
8301,43,0.9934143091848363,2026-04
8335,43,0.9934143091848363,2026-04
8343,43,8.479589846080717,2026-04
8411,41,33.976688902627664,2026-04
8447,41,4.6669740241114805,2026-04
845,43,0.9934143091848363,2026-04
8452,43,2.8651338858844873,2026-04
850,43,1.2593281235348321,2026-04
8507,43,12.587321488882678,2026-04
851,41,53.45098319402509,2026-04
851,43,11.097619405479064,2026-04
8510,43,18.398465804758814,2026-04
8547,43,13.440234707105766,2026-04
855,41,1.6766871930221101,2026-04
855,43,21.495890981144026,2026-04
858,43,70.67937989518137,2026-04
860,43,656.5722729008745,2026-04
863,41,4.800479956859065,2026-04
863,43,27.753365357378836,2026-04
863,45,0.9934143091848363,2026-04
869,43,14.594515691744144,2026-04
870,41,14.719096009900987,2026-04
870,43,196.4072580784243,2026-04
876,43,43.520901530883826,2026-04
8766,43,9.830127393933783,2026-04
8788,43,0.9934143091848363,2026-04
883,43,50.431668570977294,2026-04
883,45,0.9934143091848363,2026-04
885,43,54.3788581351693,2026-04
886,41,6.891790984560544,2026-04
886,43,32.535464421953684,2026-04
894,41,8.582598494292638,2026-04
894,43,18.319906385552688,2026-04
896,43,1.1045028230145564,2026-04
898,41,4.286220247167252,2026-04
898,43,57.78813305799056,2026-04
902,41,33.096436588607794,2026-04
902,43,35.06752961302596,2026-04
905,43,14.142684187202326,2026-04
905,45,0.9934143091848363,2026-04
908,43,2.652424717213808,2026-04
909,41,1.62109321756133,2026-04
909,43,7.544306851561212,2026-04
910,41,0.9934143091848363,2026-04
910,45,0.9934143091848363,2026-04
9108,43,8.07493266959557,2026-04
912,43,7.807910342143261,2026-04
912,45,0.9934143091848363,2026-04
913,43,21.8972343573917,2026-04
914,41,0.9934143091848363,2026-04
914,43,12.864790472771665,2026-04
915,43,63.12962611170619,2026-04
918,43,342.3838039508107,2026-04
918,45,0.9934143091848363,2026-04
919,43,12.373149683535736,2026-04
920,43,25.217776735709563,2026-04
923,41,1.6766871930221101,2026-04
923,43,7.370704307680376,2026-04
925,41,8.428164484075742,2026-04
925,42,0.9934143091848363,2026-04
925,43,508.1799475317412,2026-04
925,45,1.6483172932130559,2026-04
926,41,6.214148426915747,2026-04
926,43,107.75229144339232,2026-04
926,45,0.9934143091848363,2026-04
929,43,57.69344803537547,2026-04
929,45,0.9934143091848363,2026-04
931,41,40.08613978369247,2026-04
931,42,0.9934143091848363,2026-04
931,43,241.78261026856862,2026-04
931,45,0.9934143091848363,2026-04
933,43,43.69074417330972,2026-04
935,43,92.82611793518083,2026-04
936,43,107.00742657221417,2026-04
937,41,25.011313884651134,2026-04
937,43,65.2326241435963,2026-04
938,41,35.06752961302596,2026-04
938,43,224.86442293117645,2026-04
938,45,0.9934143091848363,2026-04
942,41,0.9934143091848363,2026-04
942,43,184.30345165838781,2026-04
946,41,1.9067544378698646,2026-04
946,43,75.32130308490895,2026-04
9481,43,12.537742272086017,2026-04
952,43,58.54185301821249,2026-04
955,41,23.913542437152874,2026-04
955,43,339.12067121303517,2026-04
955,45,0.9934143091848363,2026-04
959,41,22.34956515893145,2026-04
959,43,0.9934143091848363,2026-04
963,43,0.9934143091848363,2026-04
964,41,1.62109321756133,2026-04
964,43,17.116186546097005,2026-04
964,45,0.9934143091848363,2026-04
967,41,21.263692095837634,2026-04
968,43,9.830127393933783,2026-04
971,43,0.9934143091848363,2026-04
971,44,0.9934143091848363,2026-04
971,45,1.049008284645616,2026-04
9946,43,1.049008284645616,2026-04
