home_fps,predicted_qty_kg,prediction_month
1,3.109236320218878,2026-04
10,1.5592450455066136,2026-04
10027,8.003103851118729,2026-04
10119,2.5241806829061355,2026-04
10295,1.4045143005071545,2026-04
10321,35.25844624412807,2026-04
10328,1.467134597306509,2026-04
10332,1.5592450455066136,2026-04
10486,3.31919498504037,2026-04
1065,76.81902930542813,2026-04
1066,7.93224012362108,2026-04
10686,25.94297979848799,2026-04
1070,207.0590034002362,2026-04
10702,5.5391717224213695,2026-04
10709,1.467134597306509,2026-04
10710,20.286029302866172,2026-04
10718,1.467134597306509,2026-04
10723,1.8729229424735332,2026-04
10726,9.56946966835822,2026-04
10753,9.391787538021617,2026-04
10759,3.6133749672501714,2026-04
1076,1.4045143005071545,2026-04
10761,1.4045143005071545,2026-04
1078,1.467134597306509,2026-04
1083,0.0,2026-04
10833,3.570744024118712,2026-04
10849,17.89954169752789,2026-04
10851,8.64500012475249,2026-04
1086,1.4045143005071545,2026-04
10865,14.113387888030557,2026-04
10882,9.263588378473658,2026-04
10899,32.381662831083084,2026-04
1091,1.467134597306509,2026-04
10919,4.168848938717256,2026-04
1092,17.955802472484073,2026-04
10945,1.5592450455066136,2026-04
11,2.815601978933593,2026-04
1118,87.82413616969963,2026-04
1119,1.4045143005071545,2026-04
1120,793.858513568948,2026-04
1121,51.233039818302075,2026-04
1122,240.59440523738817,2026-04
1123,510.91682573015987,2026-04
11561,2.812787942921407,2026-04
11600,22.128007091358487,2026-04
1187,10.272890038194909,2026-04
11902,2.033285151864868,2026-04
11971,30.54745958452981,2026-04
11972,1.4045143005071545,2026-04
11976,1.4045143005071545,2026-04
12001,21.125034463139098,2026-04
12002,49.72866345629404,2026-04
12005,1.4045143005071545,2026-04
12008,9.56946966835822,2026-04
12009,38.11249165130784,2026-04
1204,554.4306609072966,2026-04
12068,41.472957450670236,2026-04
12080,50.51982088573715,2026-04
12084,35.11210867873227,2026-04
12085,1.467134597306509,2026-04
12090,13.105345338312489,2026-04
12092,1.4045143005071545,2026-04
12113,13.0777255975576,2026-04
12114,75.92329691429849,2026-04
12115,47.31801031705477,2026-04
12116,40.07430151007466,2026-04
12117,29.99733294563156,2026-04
12118,18.684590208148474,2026-04
12121,40.81373852798537,2026-04
12133,3.31919498504037,2026-04
12170,3.595101488795311,2026-04
12191,22.128007091358487,2026-04
12211,19.68111424562866,2026-04
12215,42.473105839467664,2026-04
12216,4.000516961420398,2026-04
12260,1.4045143005071545,2026-04
12292,9.56946966835822,2026-04
12464,22.128007091358487,2026-04
12490,8.003103851118729,2026-04
12523,17.955802472484073,2026-04
12525,1.4045143005071545,2026-04
12535,13.922733483613452,2026-04
12604,2.6396027598656078,2026-04
12618,3.1577425662378173,2026-04
12619,4.687596370505509,2026-04
1264,9.56946966835822,2026-04
12686,35.06779183971097,2026-04
12691,14.264497196847035,2026-04
12693,2.033285151864868,2026-04
12694,14.122260660197766,2026-04
12719,2.033285151864868,2026-04
12726,2.815601978933593,2026-04
12742,1.8729229424735332,2026-04
12777,3.2376623010030094,2026-04
12789,2.033285151864868,2026-04
128,33.65674219509971,2026-04
12802,4.076738490517151,2026-04
12840,2.812787942921407,2026-04
12845,22.128007091358487,2026-04
12847,25.850839945414616,2026-04
1285,10.850887042999812,2026-04
12851,1.4045143005071545,2026-04
12868,14.122260660197766,2026-04
12878,3.109236320218878,2026-04
12881,14.264497196847035,2026-04
12883,1.467134597306509,2026-04
129,1.467134597306509,2026-04
12910,4.610582954176937,2026-04
12912,32.776629923964016,2026-04
12917,1.467134597306509,2026-04
12921,9.56946966835822,2026-04
12935,2.2946481365491973,2026-04
12946,44.03503714436503,2026-04
12949,1.4045143005071545,2026-04
12960,13.922733483613452,2026-04
12964,17.955802472484073,2026-04
12974,1.467134597306509,2026-04
12980,1.4045143005071545,2026-04
13009,3.15295153426385,2026-04
13030,1.5592450455066136,2026-04
13042,14.113387888030557,2026-04
13046,1.4045143005071545,2026-04
13058,31.50077635904834,2026-04
13060,4.720966880831903,2026-04
13068,1.4045143005071545,2026-04
13081,2.5241806829061355,2026-04
13084,2.5241806829061355,2026-04
13092,4.000516961420398,2026-04
13096,33.54254048532227,2026-04
13100,1.9650333906736377,2026-04
13102,39.03241490146568,2026-04
13108,9.568140925353978,2026-04
13115,1.7150032515695177,2026-04
13120,1.4045143005071545,2026-04
13124,9.56946966835822,2026-04
13129,6.960733852218768,2026-04
13139,6.960733852218768,2026-04
13142,25.46739089075711,2026-04
13145,4.168848938717256,2026-04
13148,29.779532290592385,2026-04
13155,22.128007091358487,2026-04
13168,12.679035267720316,2026-04
13171,2.4206657916859924,2026-04
13177,1.4045143005071545,2026-04
13192,20.286029302866172,2026-04
13193,1.4045143005071545,2026-04
13195,3.570744024118712,2026-04
13199,2.2946481365491973,2026-04
1327,2.5241806829061355,2026-04
133,1.4045143005071545,2026-04
134,16.354045794145023,2026-04
13496,9.56946966835822,2026-04
13530,13.0777255975576,2026-04
136,1.4045143005071545,2026-04
1361,1.467134597306509,2026-04
13656,6.960733852218768,2026-04
13741,1.4045143005071545,2026-04
138,45.879488585891785,2026-04
14034,1.7150032515695177,2026-04
1408,33.88445376750665,2026-04
14136,4.000516961420398,2026-04
14313,15.979085972457186,2026-04
14315,4.610582954176937,2026-04
14318,1.467134597306509,2026-04
14324,2.3102818650310275,2026-04
14327,3.2376623010030094,2026-04
14328,40.78052417320775,2026-04
14329,62.78483173405165,2026-04
14335,8.003103851118729,2026-04
14369,15.960812494002326,2026-04
14378,3.570744024118712,2026-04
14379,18.97914399738435,2026-04
14417,48.98508840576539,2026-04
14421,1.6228928033694132,2026-04
14422,99.76812509538394,2026-04
14424,3.0952351608779627,2026-04
14425,12.844583607459441,2026-04
14426,57.83817330789381,2026-04
14430,44.34208683544532,2026-04
14448,16.95042631546935,2026-04
14450,18.079765530678486,2026-04
14454,28.85169403254359,2026-04
14456,15.979085972457186,2026-04
14458,8.60450357236262,2026-04
14460,1.4045143005071545,2026-04
14463,8.285868703735932,2026-04
14469,1.467134597306509,2026-04
14472,16.253643607623143,2026-04
14474,3.15295153426385,2026-04
14478,17.88911112626138,2026-04
14480,4.569893592914368,2026-04
14484,1.8729229424735332,2026-04
14488,27.038902394967767,2026-04
14494,19.68111424562866,2026-04
14496,1.9650333906736377,2026-04
14499,44.239595405855944,2026-04
14500,3.2348482649908235,2026-04
14501,7.572043773855351,2026-04
14504,1.4045143005071545,2026-04
14507,4.035435289319591,2026-04
14509,32.07648408200765,2026-04
14510,16.354045794145023,2026-04
14511,25.546053490089374,2026-04
14512,14.113387888030557,2026-04
14516,8.09521429931883,2026-04
14529,12.981093940689785,2026-04
14531,11.800168940649453,2026-04
14532,1.467134597306509,2026-04
14533,23.05912269983152,2026-04
14538,19.25278884331717,2026-04
14543,21.125034463139098,2026-04
14545,16.708148636465708,2026-04
14554,2.815601978933593,2026-04
14562,1.467134597306509,2026-04
14569,7.664154222055456,2026-04
14576,3.15295153426385,2026-04
14586,2.0844944220321864,2026-04
14589,4.168848938717256,2026-04
14605,1.467134597306509,2026-04
14606,2.5158393699516486,2026-04
14610,12.863067659308847,2026-04
14617,13.904460005158592,2026-04
14619,3.570744024118712,2026-04
1462,1.467134597306509,2026-04
14621,2.033285151864868,2026-04
14627,8.003103851118729,2026-04
14628,33.54254048532227,2026-04
14630,13.916730757830528,2026-04
14633,32.230553522266604,2026-04
14640,2.033285151864868,2026-04
14644,1.4045143005071545,2026-04
14650,35.25844624412807,2026-04
14651,2.033285151864868,2026-04
14656,4.872076189648381,2026-04
14660,2.3102818650310275,2026-04
14661,1.4045143005071545,2026-04
14663,1.4045143005071545,2026-04
14669,44.239595405855944,2026-04
14670,1.467134597306509,2026-04
14671,69.12857544606491,2026-04
14674,2.812787942921407,2026-04
14676,2.033285151864868,2026-04
14684,2.812787942921407,2026-04
14687,16.253643607623143,2026-04
14688,4.035435289319591,2026-04
14697,25.02783007489939,2026-04
14699,12.863067659308847,2026-04
14700,1.4045143005071545,2026-04
14711,2.389572620761487,2026-04
14717,1.4045143005071545,2026-04
14724,4.168848938717256,2026-04
14727,12.863067659308847,2026-04
14737,1.467134597306509,2026-04
14738,1.4045143005071545,2026-04
14746,8.455410649084557,2026-04
14751,2.033285151864868,2026-04
1476,14.113387888030557,2026-04
14763,41.472957450670236,2026-04
14764,9.032342725140289,2026-04
14775,18.079765530678486,2026-04
14780,4.541254549219388,2026-04
14782,1.4045143005071545,2026-04
14788,6.960733852218768,2026-04
14790,1.467134597306509,2026-04
14793,4.872076189648381,2026-04
14827,4.168848938717256,2026-04
14840,1.467134597306509,2026-04
14843,12.863067659308847,2026-04
14845,25.224171133740523,2026-04
14851,135.46951527806905,2026-04
14853,3.2376623010030094,2026-04
14859,3.928565631522117,2026-04
14860,4.000516961420398,2026-04
14872,70.32532075131242,2026-04
14874,1.4045143005071545,2026-04
14888,27.162811177143162,2026-04
14897,4.687596370505509,2026-04
14898,13.916730757830528,2026-04
14899,31.436703670705267,2026-04
14900,1.4045143005071545,2026-04
14924,1.4045143005071545,2026-04
14936,66.91374739245602,2026-04
14940,35.25844624412807,2026-04
14947,17.7380018174449,2026-04
14954,3.31919498504037,2026-04
14956,27.720216634456158,2026-04
14963,2.402392313231132,2026-04
14965,33.261775102218756,2026-04
14970,43.0696459443336,2026-04
14973,4.872076189648381,2026-04
14979,4.609438688514994,2026-04
14984,13.0777255975576,2026-04
14985,2.9077124271336974,2026-04
14988,33.54254048532227,2026-04
14994,34.53684275528686,2026-04
14997,1.4045143005071545,2026-04
14998,4.186544598136069,2026-04
14999,30.54745958452981,2026-04
15001,2.812787942921407,2026-04
15003,1.4045143005071545,2026-04
15008,3.7644842760666504,2026-04
15012,2.033285151864868,2026-04
15013,12.955178107508951,2026-04
15017,1.4045143005071545,2026-04
15024,5.0767393575683055,2026-04
15026,17.71972833899004,2026-04
15028,1.4045143005071545,2026-04
15030,3.928565631522117,2026-04
15032,22.644763870847715,2026-04
15041,22.967012251631413,2026-04
15044,16.354045794145023,2026-04
15049,13.0777255975576,2026-04
15051,2.2946481365491973,2026-04
15052,1.4045143005071545,2026-04
15054,1.467134597306509,2026-04
15057,2.402392313231132,2026-04
15058,7.572043773855351,2026-04
15070,24.425515204207304,2026-04
15072,4.687596370505509,2026-04
15077,25.831444005545464,2026-04
15079,31.310121954631235,2026-04
15083,17.543374951657675,2026-04
15090,35.32719479640066,2026-04
15099,1.4045143005071545,2026-04
15101,1.467134597306509,2026-04
15104,12.863067659308847,2026-04
15119,3.109236320218878,2026-04
15130,3.6133749672501714,2026-04
15141,8.003103851118729,2026-04
15152,1.467134597306509,2026-04
15155,1.467134597306509,2026-04
15159,1.4045143005071545,2026-04
15176,196.61786981059956,2026-04
15183,14.264497196847035,2026-04
15184,15.201218505745373,2026-04
15196,1.9650333906736377,2026-04
15211,34.07510817192375,2026-04
15213,14.264497196847035,2026-04
15218,1.4045143005071545,2026-04
15219,3.2348482649908235,2026-04
15224,25.96865306856972,2026-04
15225,4.01716181086473,2026-04
15238,9.568140925353978,2026-04
15240,7.572043773855351,2026-04
15241,2.4206657916859924,2026-04
15245,12.955178107508951,2026-04
15247,1.4045143005071545,2026-04
15248,6.960733852218768,2026-04
15249,2.815601978933593,2026-04
15254,4.41878428409789,2026-04
15255,18.19334629497426,2026-04
15257,18.135615831021923,2026-04
15259,1.4045143005071545,2026-04
15260,29.359834175330004,2026-04
15264,2.2946481365491973,2026-04
15266,1.4045143005071545,2026-04
15267,12.863067659308847,2026-04
15271,22.967012251631413,2026-04
15273,4.35950334313436,2026-04
15280,16.354045794145023,2026-04
15285,1.4045143005071545,2026-04
15289,4.687596370505509,2026-04
15292,12.863067659308847,2026-04
15299,22.128007091358487,2026-04
15303,20.556987776009944,2026-04
15306,12.863067659308847,2026-04
15309,43.0696459443336,2026-04
1546,18.29756618571766,2026-04
15915,15.206462101865062,2026-04
16090,1.4045143005071545,2026-04
16234,9.56946966835822,2026-04
16733,3.15295153426385,2026-04
16908,6.960733852218768,2026-04
16978,9.56946966835822,2026-04
17051,10.540975939760534,2026-04
17064,32.381662831083084,2026-04
17090,8.455410649084557,2026-04
17103,18.079765530678486,2026-04
17105,1.4045143005071545,2026-04
17117,1.9923839738320814,2026-04
17123,9.56946966835822,2026-04
17154,3.2348482649908235,2026-04
17325,3.7413488745778394,2026-04
17338,16.29542888341632,2026-04
1735,1.4045143005071545,2026-04
17361,3.2376623010030094,2026-04
17365,1.4045143005071545,2026-04
1737,12.863067659308847,2026-04
17372,9.56946966835822,2026-04
17388,8.003103851118729,2026-04
17390,7.572043773855351,2026-04
17395,18.29756618571766,2026-04
17402,2.033285151864868,2026-04
17406,8.61766307819644,2026-04
17421,13.0777255975576,2026-04
17468,18.29756618571766,2026-04
17545,2.0844944220321864,2026-04
17559,32.776629923964016,2026-04
17571,12.955178107508951,2026-04
17575,1.467134597306509,2026-04
17579,40.345655979292154,2026-04
17582,3.5798028883072344,2026-04
17583,22.128007091358487,2026-04
17585,28.996070199371836,2026-04
17588,8.150040778660243,2026-04
17590,1.4045143005071545,2026-04
1760,1.4045143005071545,2026-04
17641,3.109236320218878,2026-04
17650,12.955178107508951,2026-04
17675,41.472957450670236,2026-04
17678,3.109236320218878,2026-04
17679,11.406014898277919,2026-04
17681,14.364538339201408,2026-04
17690,12.955178107508951,2026-04
17695,4.872076189648381,2026-04
17700,13.916730757830528,2026-04
17708,2.033285151864868,2026-04
17727,8.003103851118729,2026-04
1779,17.955802472484073,2026-04
17831,25.46739089075711,2026-04
17833,2.812787942921407,2026-04
17857,13.0777255975576,2026-04
17883,9.201133133604513,2026-04
17896,9.56946966835822,2026-04
17927,7.664154222055456,2026-04
17934,22.128007091358487,2026-04
17941,1.4045143005071545,2026-04
17963,6.960733852218768,2026-04
17970,33.88445376750665,2026-04
17976,23.319294385197527,2026-04
18,1.4045143005071545,2026-04
18671,33.54254048532227,2026-04
18691,24.443788682662163,2026-04
1871,13.0777255975576,2026-04
18726,31.436703670705267,2026-04
18727,18.29756618571766,2026-04
18729,11.406014898277919,2026-04
18731,1.4045143005071545,2026-04
18734,13.0777255975576,2026-04
18795,4.076738490517151,2026-04
18811,19.68111424562866,2026-04
18825,4.186544598136069,2026-04
18827,15.389657663667144,2026-04
18865,9.586414403808838,2026-04
18867,33.54254048532227,2026-04
18924,17.76117560669685,2026-04
18928,4.035435289319591,2026-04
18949,5.348517318004265,2026-04
18973,23.470403694014006,2026-04
18974,1.467134597306509,2026-04
18977,3.2376623010030094,2026-04
18980,14.264497196847035,2026-04
18984,9.56946966835822,2026-04
1928,3.6133749672501714,2026-04
19496,9.56946966835822,2026-04
19520,1.4045143005071545,2026-04
19527,13.0777255975576,2026-04
19529,1.4045143005071545,2026-04
19533,4.168848938717256,2026-04
19536,109.24226945733169,2026-04
19539,1.4045143005071545,2026-04
19543,35.84882971834253,2026-04
19549,36.03948412275963,2026-04
19553,3.7898750368411425,2026-04
19561,1.467134597306509,2026-04
19562,9.56946966835822,2026-04
19565,13.916730757830528,2026-04
19568,14.291643447469104,2026-04
19569,65.72087220341766,2026-04
19573,2.2946481365491973,2026-04
19577,1.4045143005071545,2026-04
19578,3.109236320218878,2026-04
19589,1.4045143005071545,2026-04
19590,22.128007091358487,2026-04
19592,3.109236320218878,2026-04
19593,13.916730757830528,2026-04
19596,3.2348482649908235,2026-04
19597,6.960733852218768,2026-04
19607,12.2189569336775,2026-04
19629,16.253643607623143,2026-04
19760,2.033285151864868,2026-04
19784,3.570744024118712,2026-04
19787,3.2348482649908235,2026-04
1988,4.610582954176937,2026-04
19987,22.967012251631413,2026-04
20,1.467134597306509,2026-04
200,2.328555343485888,2026-04
20006,10.180779589994804,2026-04
20063,6.960733852218768,2026-04
20193,7.572043773855351,2026-04
20199,2.3102818650310275,2026-04
20264,1.4045143005071545,2026-04
20265,20.556987776009944,2026-04
20272,1.4045143005071545,2026-04
20304,1.467134597306509,2026-04
20331,1.4045143005071545,2026-04
20349,13.0777255975576,2026-04
20363,3.2376623010030094,2026-04
20400,1.4045143005071545,2026-04
20402,13.728106617826231,2026-04
20408,2.6396027598656078,2026-04
20413,32.381662831083084,2026-04
20430,2.033285151864868,2026-04
20438,3.15295153426385,2026-04
20441,1.4045143005071545,2026-04
20449,33.54254048532227,2026-04
20454,1.4045143005071545,2026-04
20468,1.4045143005071545,2026-04
20489,14.494727762635431,2026-04
20490,1.4045143005071545,2026-04
20491,9.56946966835822,2026-04
20497,12.863067659308847,2026-04
20499,1.4045143005071545,2026-04
205,32.07648408200765,2026-04
20502,1.4045143005071545,2026-04
20505,12.318998076031873,2026-04
20507,19.68111424562866,2026-04
20508,13.904460005158592,2026-04
20510,3.31919498504037,2026-04
20516,47.65419755694248,2026-04
20519,8.059312925540373,2026-04
20520,27.07741470342082,2026-04
20523,30.790679341546397,2026-04
20524,1.4045143005071545,2026-04
20530,33.54254048532227,2026-04
20531,3.2376623010030094,2026-04
20533,1.4045143005071545,2026-04
20538,1.8729229424735332,2026-04
20539,30.54745958452981,2026-04
20541,9.56946966835822,2026-04
20557,22.128007091358487,2026-04
20566,6.960733852218768,2026-04
20569,2.033285151864868,2026-04
20573,3.8040293716672764,2026-04
20584,12.863067659308847,2026-04
20593,8.814542070101115,2026-04
20606,2.033285151864868,2026-04
20618,1.4045143005071545,2026-04
20627,2.033285151864868,2026-04
20644,33.88445376750665,2026-04
20657,1.4045143005071545,2026-04
20659,1.4045143005071545,2026-04
20665,5.348517318004265,2026-04
20667,17.76117560669685,2026-04
20678,4.41878428409789,2026-04
20679,8.003103851118729,2026-04
20683,14.768445949114586,2026-04
20687,33.54254048532227,2026-04
20693,2.2974621725613824,2026-04
20698,1.4045143005071545,2026-04
207,13.904460005158592,2026-04
20707,17.193050954417945,2026-04
20709,1.467134597306509,2026-04
20712,12.955178107508951,2026-04
20716,13.728106617826231,2026-04
20717,1.4045143005071545,2026-04
20724,2.033285151864868,2026-04
20729,8.003103851118729,2026-04
20734,1.4045143005071545,2026-04
20784,2.4206657916859924,2026-04
20785,3.15295153426385,2026-04
20789,14.33118854306973,2026-04
208,1.5592450455066136,2026-04
20815,1.9923839738320814,2026-04
20881,1.4045143005071545,2026-04
20899,1.7150032515695177,2026-04
209,9.568140925353978,2026-04
20907,2.815601978933593,2026-04
20917,14.276927107596258,2026-04
20921,4.2989768702157445,2026-04
20943,2.9077124271336974,2026-04
20944,12.863067659308847,2026-04
20946,33.54254048532227,2026-04
210,16.253643607623143,2026-04
21056,1.9650333906736377,2026-04
21064,1.4045143005071545,2026-04
21066,19.68111424562866,2026-04
21069,13.916730757830528,2026-04
21075,4.687596370505509,2026-04
21077,4.687596370505509,2026-04
21079,2.9077124271336974,2026-04
212,29.19360731472797,2026-04
21216,6.960733852218768,2026-04
21217,4.35950334313436,2026-04
21262,2.812787942921407,2026-04
213,4.000516961420398,2026-04
21329,2.2974621725613824,2026-04
21350,4.41878428409789,2026-04
21386,1.4045143005071545,2026-04
21391,14.264497196847035,2026-04
21408,2.9077124271336974,2026-04
2142,3.2348482649908235,2026-04
21422,3.15295153426385,2026-04
21434,13.0777255975576,2026-04
21436,27.07741470342082,2026-04
21439,2.812787942921407,2026-04
21445,14.264497196847035,2026-04
21451,3.2376623010030094,2026-04
21456,3.2376623010030094,2026-04
21461,3.595101488795311,2026-04
21475,1.4045143005071545,2026-04
21479,2.033285151864868,2026-04
21493,2.812787942921407,2026-04
21495,13.904460005158592,2026-04
21509,2.812787942921407,2026-04
218,8.003103851118729,2026-04
2197,2.5241806829061355,2026-04
220,8.454345720335386,2026-04
22123,33.54254048532227,2026-04
223,13.105345338312489,2026-04
22367,13.922733483613452,2026-04
224,22.814146658119054,2026-04
2240,1.4045143005071545,2026-04
22471,2.7278815843628035,2026-04
22520,1.8729229424735332,2026-04
22537,2.2974621725613824,2026-04
22545,2.033285151864868,2026-04
22547,12.955178107508951,2026-04
22553,25.63265475236938,2026-04
22560,18.684590208148474,2026-04
22571,13.916730757830528,2026-04
22579,17.193050954417945,2026-04
22580,13.0777255975576,2026-04
22589,13.904460005158592,2026-04
22597,1.4045143005071545,2026-04
22602,1.4045143005071545,2026-04
22605,1.4045143005071545,2026-04
22606,13.728106617826231,2026-04
22612,1.4045143005071545,2026-04
22613,4.687596370505509,2026-04
22640,17.76117560669685,2026-04
22642,8.455410649084557,2026-04
22651,1.4045143005071545,2026-04
22661,3.5798028883072344,2026-04
22678,1.4045143005071545,2026-04
2268,18.106911781300553,2026-04
22694,22.128007091358487,2026-04
22701,4.687596370505509,2026-04
22702,1.467134597306509,2026-04
22704,1.4045143005071545,2026-04
22728,14.113387888030557,2026-04
22730,1.467134597306509,2026-04
22732,1.467134597306509,2026-04
22751,3.2348482649908235,2026-04
22769,32.776629923964016,2026-04
22770,13.728106617826231,2026-04
22821,2.402392313231132,2026-04
22824,2.033285151864868,2026-04
22862,8.003103851118729,2026-04
22879,8.94642644367349,2026-04
22900,2.6396027598656078,2026-04
22947,13.0777255975576,2026-04
23002,6.960733852218768,2026-04
23004,11.406014898277919,2026-04
23036,32.381662831083084,2026-04
23059,1.4045143005071545,2026-04
23067,1.4045143005071545,2026-04
23074,9.56946966835822,2026-04
23084,34.08389157083109,2026-04
23107,14.264497196847035,2026-04
23109,1.4045143005071545,2026-04
23169,2.9077124271336974,2026-04
23171,1.4045143005071545,2026-04
23487,2.8222153832273342,2026-04
23488,33.54254048532227,2026-04
23522,1.467134597306509,2026-04
23968,23.319294385197527,2026-04
240,22.128007091358487,2026-04
2403,16.253643607623143,2026-04
2406,9.56946966835822,2026-04
2407,1.4045143005071545,2026-04
2408,2.5241806829061355,2026-04
2409,15.401088967652283,2026-04
2413,47.84485196135958,2026-04
2416,44.93218221275711,2026-04
2417,12.955178107508951,2026-04
2419,4.586744786166037,2026-04
2420,2.815601978933593,2026-04
2421,1.9923839738320814,2026-04
2422,39.884313989840756,2026-04
2427,9.56946966835822,2026-04
24335,4.610582954176937,2026-04
24355,22.128007091358487,2026-04
24374,22.128007091358487,2026-04
24380,20.286029302866172,2026-04
24404,9.56946966835822,2026-04
2441,54.08986741211107,2026-04
2442,22.128007091358487,2026-04
2443,4.610582954176937,2026-04
24431,4.168848938717256,2026-04
24499,9.56946966835822,2026-04
24530,13.922733483613452,2026-04
24594,36.57755706110037,2026-04
24710,3.109236320218878,2026-04
24860,20.380693344807433,2026-04
24865,2.5241806829061355,2026-04
24871,33.54254048532227,2026-04
24874,7.302840785000001,2026-04
24876,16.253643607623143,2026-04
2489,75.08698231271117,2026-04
24890,14.23387077143211,2026-04
24894,101.35589087484354,2026-04
24896,25.224171133740523,2026-04
24897,16.354045794145023,2026-04
24899,3.2348482649908235,2026-04
2492,17.89954169752789,2026-04
24924,2.389572620761487,2026-04
24944,20.556987776009944,2026-04
24947,15.382815489197423,2026-04
24964,1.4045143005071545,2026-04
24974,1.6228928033694132,2026-04
24977,1.4045143005071545,2026-04
24983,1.4045143005071545,2026-04
24988,2.033285151864868,2026-04
24992,2.7278815843628035,2026-04
25034,13.0777255975576,2026-04
25035,2.5241806829061355,2026-04
25036,10.272890038194909,2026-04
25044,8.003103851118729,2026-04
25045,1.4045143005071545,2026-04
25049,2.815601978933593,2026-04
25050,25.97954627611924,2026-04
25058,1.8729229424735332,2026-04
25067,14.07384279242993,2026-04
25069,21.550032774256554,2026-04
25070,13.0777255975576,2026-04
25071,1.4045143005071545,2026-04
25072,3.881985485041247,2026-04
25075,4.35950334313436,2026-04
25076,15.822448851470964,2026-04
25077,30.54745958452981,2026-04
25078,12.955178107508951,2026-04
25079,22.967012251631413,2026-04
25084,14.264497196847035,2026-04
25094,4.702693402377042,2026-04
25095,1.9650333906736377,2026-04
25098,14.49997135875512,2026-04
25099,1.4045143005071545,2026-04
2510,32.27249063092976,2026-04
25107,3.48769244010713,2026-04
25111,33.54254048532227,2026-04
2513,48.49029062853799,2026-04
2514,11.087011100940279,2026-04
2515,4.01716181086473,2026-04
2518,1.467134597306509,2026-04
2522,1.4045143005071545,2026-04
25225,2.033285151864868,2026-04
2523,1.4045143005071545,2026-04
25243,17.955802472484073,2026-04
2527,35.25844624412807,2026-04
253,2.812787942921407,2026-04
2530,16.253643607623143,2026-04
25318,63.67864694879125,2026-04
25319,10.023891897606713,2026-04
25320,12.980432049789766,2026-04
25321,68.7269859267653,2026-04
25322,17.88911112626138,2026-04
25323,18.135615831021923,2026-04
25324,14.49997135875512,2026-04
25325,16.354045794145023,2026-04
25326,13.916730757830528,2026-04
25327,4.168848938717256,2026-04
25328,9.56946966835822,2026-04
25329,50.99820018694787,2026-04
25330,11.969551727920791,2026-04
25332,35.49095131855436,2026-04
25334,1.4045143005071545,2026-04
25335,21.430975120132842,2026-04
25336,36.682321023941,2026-04
2534,10.758776594799707,2026-04
25340,1.467134597306509,2026-04
25353,2.3102818650310275,2026-04
2536,1.4045143005071545,2026-04
25360,75.93946124017185,2026-04
25362,11.538252970156941,2026-04
25365,12.679035267720316,2026-04
25366,1.467134597306509,2026-04
25368,12.863067659308847,2026-04
25369,25.248526197029612,2026-04
25370,30.48914843060148,2026-04
25371,1.4045143005071545,2026-04
25379,13.0777255975576,2026-04
25383,1.4045143005071545,2026-04
25384,22.128007091358487,2026-04
2539,53.65407067363071,2026-04
25410,8.09521429931883,2026-04
25420,4.168848938717256,2026-04
25428,26.95197866468607,2026-04
25433,25.224171133740523,2026-04
2551,16.354045794145023,2026-04
2552,12.42720620733698,2026-04
2553,40.70704688931199,2026-04
25533,1.4045143005071545,2026-04
25561,30.54745958452981,2026-04
25623,2.5241806829061355,2026-04
25681,1.467134597306509,2026-04
25688,4.000516961420398,2026-04
25691,1.467134597306509,2026-04
25695,1.4045143005071545,2026-04
257,8.61766307819644,2026-04
2574,13.728106617826231,2026-04
2577,2.389572620761487,2026-04
25770,8.003103851118729,2026-04
2579,8.023285643072006,2026-04
258,1.4045143005071545,2026-04
2580,1.467134597306509,2026-04
2581,32.58446835573035,2026-04
25830,16.253643607623143,2026-04
25855,2.0844944220321864,2026-04
25864,16.354045794145023,2026-04
2596,2.812787942921407,2026-04
25984,8.4098767065754,2026-04
25989,1.467134597306509,2026-04
25994,2.033285151864868,2026-04
2603,3.595101488795311,2026-04
2606,2.033285151864868,2026-04
2610,18.29756618571766,2026-04
2612,2.033285151864868,2026-04
26137,1.4045143005071545,2026-04
2614,15.344808760726037,2026-04
26141,6.960733852218768,2026-04
2622,4.000516961420398,2026-04
2624,23.661058098431113,2026-04
26241,89.63663992631464,2026-04
26252,16.253643607623143,2026-04
2627,2.2946481365491973,2026-04
26281,39.65587376601325,2026-04
2631,1.467134597306509,2026-04
2634,2.5241806829061355,2026-04
26348,14.494727762635431,2026-04
2635,2.033285151864868,2026-04
2638,10.272890038194909,2026-04
26385,21.217144911339204,2026-04
26417,21.255162394637587,2026-04
26430,2.2946481365491973,2026-04
26433,9.56946966835822,2026-04
26440,20.286029302866172,2026-04
26527,12.955178107508951,2026-04
26535,3.2348482649908235,2026-04
26572,20.556987776009944,2026-04
26574,25.71011733994367,2026-04
26578,9.56946966835822,2026-04
2659,23.05912269983152,2026-04
26598,2.389572620761487,2026-04
26619,22.967012251631413,2026-04
2662,8.003103851118729,2026-04
2663,2.5241806829061355,2026-04
26641,1.467134597306509,2026-04
26643,2.9077124271336974,2026-04
26644,19.675880525277147,2026-04
26645,3.6628544723188163,2026-04
26646,1.467134597306509,2026-04
26647,1.4045143005071545,2026-04
26649,12.863067659308847,2026-04
26652,25.355399085672268,2026-04
26653,6.960733852218768,2026-04
26655,2.9077124271336974,2026-04
26656,27.666966201504557,2026-04
2667,2.9077124271336974,2026-04
26709,2.2946481365491973,2026-04
26716,1.4045143005071545,2026-04
26719,4.872076189648381,2026-04
26720,5.5391717224213695,2026-04
26723,33.54254048532227,2026-04
26725,10.180779589994804,2026-04
26726,1.467134597306509,2026-04
26733,4.41878428409789,2026-04
26736,4.168848938717256,2026-04
26739,18.909688977798194,2026-04
26751,3.6628544723188163,2026-04
26784,2.0844944220321864,2026-04
26788,10.633086387960638,2026-04
26847,16.354045794145023,2026-04
26851,1.8729229424735332,2026-04
26852,13.728106617826231,2026-04
26956,1.4045143005071545,2026-04
26958,2.812787942921407,2026-04
26975,3.2348482649908235,2026-04
26976,22.47007189697951,2026-04
26977,1.4045143005071545,2026-04
26978,53.67544525582789,2026-04
26979,35.26751283637137,2026-04
26985,20.20372567365981,2026-04
26989,38.1993054284362,2026-04
26990,13.0777255975576,2026-04
26992,22.128007091358487,2026-04
26993,16.7785109782836,2026-04
26996,14.276927107596258,2026-04
26997,34.82397787925242,2026-04
26998,41.393302471249456,2026-04
26999,4.610582954176937,2026-04
27000,17.7380018174449,2026-04
27001,41.730592438328415,2026-04
27004,8.003103851118729,2026-04
27015,30.302441543991,2026-04
27016,1.4045143005071545,2026-04
27017,130.30907087576128,2026-04
27018,2.3102818650310275,2026-04
27019,11.76383094864857,2026-04
27029,1.4045143005071545,2026-04
27045,1.4045143005071545,2026-04
27048,2.2476615682316727,2026-04
27049,14.291643447469104,2026-04
27056,9.568140925353978,2026-04
27057,9.56946966835822,2026-04
27087,13.0777255975576,2026-04
27090,4.687596370505509,2026-04
27119,13.916730757830528,2026-04
27121,3.15295153426385,2026-04
27122,33.29872652486372,2026-04
27134,2.3102818650310275,2026-04
27140,13.0777255975576,2026-04
272,2.812787942921407,2026-04
27201,12.955178107508951,2026-04
27206,1.467134597306509,2026-04
27252,1.4045143005071545,2026-04
2727,28.85169403254359,2026-04
27273,2.402392313231132,2026-04
27300,4.610582954176937,2026-04
27309,17.543374951657675,2026-04
27311,2.389572620761487,2026-04
27348,2.3102818650310275,2026-04
27350,3.2348482649908235,2026-04
27385,2.389572620761487,2026-04
27391,1.6228928033694132,2026-04
27392,6.960733852218768,2026-04
27397,8.09521429931883,2026-04
27399,1.4045143005071545,2026-04
27403,3.15295153426385,2026-04
27409,1.467134597306509,2026-04
27411,32.381662831083084,2026-04
27415,13.0777255975576,2026-04
27418,8.715318140035803,2026-04
27419,1.4045143005071545,2026-04
27424,36.984038230122565,2026-04
27428,39.19871899712043,2026-04
27446,8.003103851118729,2026-04
27451,23.319294385197527,2026-04
27494,1.4045143005071545,2026-04
27545,1.4045143005071545,2026-04
27546,4.41878428409789,2026-04
2755,24.78555239589575,2026-04
27551,7.664154222055456,2026-04
2756,1.467134597306509,2026-04
27570,2.812787942921407,2026-04
2758,1.467134597306509,2026-04
27613,14.494727762635431,2026-04
27756,13.728106617826231,2026-04
27818,1.4045143005071545,2026-04
27820,8.455410649084557,2026-04
27827,12.955178107508951,2026-04
27935,22.128007091358487,2026-04
27941,25.248526197029612,2026-04
27977,1.467134597306509,2026-04
27978,17.76117560669685,2026-04
28086,32.776629923964016,2026-04
28150,1.4045143005071545,2026-04
28164,1.4045143005071545,2026-04
28200,2.815601978933593,2026-04
28210,13.0777255975576,2026-04
2822,22.128007091358487,2026-04
28226,17.71972833899004,2026-04
2824,9.56946966835822,2026-04
28275,25.71011733994367,2026-04
2830,6.960733852218768,2026-04
284,21.2382272674972,2026-04
2840,25.3282528350502,2026-04
2842,39.799579577594734,2026-04
2843,1.9650333906736377,2026-04
2848,29.186724603788942,2026-04
28544,2.5158393699516486,2026-04
2856,25.546053490089374,2026-04
2859,1.467134597306509,2026-04
2861,32.381662831083084,2026-04
2862,1.9650333906736377,2026-04
2864,17.7380018174449,2026-04
2887,3.2348482649908235,2026-04
289,2.5241806829061355,2026-04
29004,53.372407485244516,2026-04
29007,19.062134438900063,2026-04
29008,14.924130878356207,2026-04
29009,120.60770296400972,2026-04
29027,4.000516961420398,2026-04
29051,3.5798028883072344,2026-04
29052,1.4045143005071545,2026-04
29053,13.0777255975576,2026-04
29061,13.0777255975576,2026-04
29068,35.84882971834253,2026-04
2908,18.29756618571766,2026-04
2912,4.076738490517151,2026-04
29125,2.033285151864868,2026-04
29133,1.9923839738320814,2026-04
29162,25.219009753055047,2026-04
29165,18.29756618571766,2026-04
29166,3.2348482649908235,2026-04
29175,17.76117560669685,2026-04
29179,24.932852821675137,2026-04
29184,10.180779589994804,2026-04
2957,3.1577425662378173,2026-04
2962,2.033285151864868,2026-04
2967,4.000516961420398,2026-04
2969,30.54745958452981,2026-04
2977,1.4045143005071545,2026-04
2986,1.4045143005071545,2026-04
3018,12.955178107508951,2026-04
302,1.4045143005071545,2026-04
3052,9.56946966835822,2026-04
3069,23.470403694014006,2026-04
308,8.003103851118729,2026-04
3103,1.4045143005071545,2026-04
3114,9.804215058848012,2026-04
3121,46.136102598574254,2026-04
3133,1.4045143005071545,2026-04
3144,2.815601978933593,2026-04
3182,16.354045794145023,2026-04
3197,9.56946966835822,2026-04
3213,3.595101488795311,2026-04
3216,20.94401179844076,2026-04
3217,8.09521429931883,2026-04
3218,5.521766816207715,2026-04
322,18.106911781300553,2026-04
323,3.2348482649908235,2026-04
325,35.99529057465223,2026-04
3377,8.61766307819644,2026-04
339,25.248526197029612,2026-04
3454,2.033285151864868,2026-04
3458,1.4045143005071545,2026-04
3747,29.186724603788942,2026-04
3751,15.580998535696944,2026-04
3752,25.05497632552146,2026-04
3753,3.2376623010030094,2026-04
3760,36.19074300052691,2026-04
3761,30.131550457492605,2026-04
3762,69.62273337246268,2026-04
3764,30.740697401220974,2026-04
3765,44.03503714436503,2026-04
3766,4.686329850836378,2026-04
3767,83.10235934750189,2026-04
3768,40.70704688931199,2026-04
3769,40.327086185914055,2026-04
3770,91.38608504667879,2026-04
3771,19.130877678113812,2026-04
3772,7.808667727608303,2026-04
3773,1.4045143005071545,2026-04
3774,1.8729229424735332,2026-04
3777,2.2974621725613824,2026-04
3778,4.076738490517151,2026-04
3779,25.96865306856972,2026-04
3780,2.812787942921407,2026-04
3784,3.7644842760666504,2026-04
3785,13.728106617826231,2026-04
3789,2.0844944220321864,2026-04
3791,22.128007091358487,2026-04
3792,20.598493999846607,2026-04
3793,1.467134597306509,2026-04
3795,12.981093940689785,2026-04
3800,13.0777255975576,2026-04
3801,4.000516961420398,2026-04
3803,30.54745958452981,2026-04
3804,16.354045794145023,2026-04
3806,33.54254048532227,2026-04
3807,35.06779183971097,2026-04
3808,35.56515013130405,2026-04
3810,1.4045143005071545,2026-04
3811,8.455410649084557,2026-04
3812,1.4045143005071545,2026-04
3814,1.5592450455066136,2026-04
3815,17.7380018174449,2026-04
3816,13.0777255975576,2026-04
3817,25.46739089075711,2026-04
3821,23.05912269983152,2026-04
3823,21.456027922536375,2026-04
3825,4.000516961420398,2026-04
3826,3.595101488795311,2026-04
3827,40.37183797692204,2026-04
3828,13.728106617826231,2026-04
3829,39.46367616779403,2026-04
3830,14.122260660197766,2026-04
3832,1.5592450455066136,2026-04
3833,13.0777255975576,2026-04
3836,17.955802472484073,2026-04
3837,2.033285151864868,2026-04
3839,14.67632474608748,2026-04
3841,1.9650333906736377,2026-04
3842,46.65489465410603,2026-04
3843,15.979085972457186,2026-04
3844,21.386527698610543,2026-04
3848,1.467134597306509,2026-04
3849,1.467134597306509,2026-04
3851,39.87935736554388,2026-04
3856,1.4045143005071545,2026-04
3859,4.687596370505509,2026-04
3861,1.4045143005071545,2026-04
3863,48.09657437224325,2026-04
3866,1.9650333906736377,2026-04
3868,2.7278815843628035,2026-04
3869,3.31919498504037,2026-04
3872,3.0438861752560595,2026-04
3873,127.67222826646295,2026-04
3874,19.009573541705485,2026-04
3875,7.9311751948719085,2026-04
3876,46.84554905852313,2026-04
3879,9.56946966835822,2026-04
3881,56.13991938396462,2026-04
3884,1.4045143005071545,2026-04
3886,28.430190834689828,2026-04
3887,18.106911781300553,2026-04
3889,16.253643607623143,2026-04
3890,8.601282647876905,2026-04
3891,97.68232420857382,2026-04
3892,12.679035267720316,2026-04
3893,2.4206657916859924,2026-04
3894,3.7644842760666504,2026-04
3895,8.455410649084557,2026-04
3899,1.4045143005071545,2026-04
390,4.377199002553174,2026-04
391,66.30038990611857,2026-04
3910,5.282171593793789,2026-04
3913,9.56946966835822,2026-04
3915,3.5798028883072344,2026-04
3917,22.967012251631413,2026-04
3918,3.8040293716672764,2026-04
392,39.01570838609837,2026-04
39205,16.253643607623143,2026-04
39208,44.03503714436503,2026-04
3921,2.033285151864868,2026-04
39214,43.87820449583611,2026-04
39215,17.193050954417945,2026-04
39216,1.4045143005071545,2026-04
39218,21.93827312773777,2026-04
39219,13.0777255975576,2026-04
3922,29.95263516514719,2026-04
3923,29.98156547301804,2026-04
39233,2.0844944220321864,2026-04
3924,57.842056404275176,2026-04
39252,20.556987776009944,2026-04
39254,35.06779183971097,2026-04
39257,9.56946966835822,2026-04
3926,19.11538324927699,2026-04
39260,2.033285151864868,2026-04
39261,1.4045143005071545,2026-04
39262,2.033285151864868,2026-04
39263,15.206462101865062,2026-04
3927,32.99248492650783,2026-04
39271,49.617592099916074,2026-04
39272,69.42824983706858,2026-04
39273,483.3094711897875,2026-04
39274,29.002952910310864,2026-04
39276,25.94297979848799,2026-04
3928,7.572043773855351,2026-04
39282,6.371748941009243,2026-04
39284,3.2348482649908235,2026-04
39287,2.033285151864868,2026-04
3929,2.0844944220321864,2026-04
39296,3.2376623010030094,2026-04
39298,1.4045143005071545,2026-04
393,22.967012251631413,2026-04
39304,2.4206657916859924,2026-04
39308,8.58623009390776,2026-04
39319,3.2348482649908235,2026-04
3933,66.80541876816109,2026-04
3934,32.90375943198277,2026-04
39344,14.113387888030557,2026-04
3935,16.130195281273682,2026-04
3936,1.4045143005071545,2026-04
39365,1.4045143005071545,2026-04
3938,12.955178107508951,2026-04
39381,5.348517318004265,2026-04
39382,48.93055878547519,2026-04
39383,1.9923839738320814,2026-04
39384,1.467134597306509,2026-04
3939,45.11357802453354,2026-04
39394,765.1429743068467,2026-04
39395,481.3735030449845,2026-04
394,14.62322150094047,2026-04
3940,23.210232008648,2026-04
3941,58.361918578386266,2026-04
39428,12.863067659308847,2026-04
39450,1.4045143005071545,2026-04
3946,14.113387888030557,2026-04
3949,1.467134597306509,2026-04
395,3.5798028883072344,2026-04
3951,15.979085972457186,2026-04
39515,3.595101488795311,2026-04
39516,4.035435289319591,2026-04
3952,69.12857544606491,2026-04
39526,9.56946966835822,2026-04
39529,2.815601978933593,2026-04
3953,45.43899875324406,2026-04
39539,1.4045143005071545,2026-04
39548,3.109236320218878,2026-04
39556,3.15295153426385,2026-04
39566,25.46739089075711,2026-04
3957,42.8789915399165,2026-04
39579,3.31919498504037,2026-04
39587,1.4045143005071545,2026-04
396,1.4045143005071545,2026-04
39615,12.2189569336775,2026-04
39616,18.603841540374624,2026-04
39618,78.45854128558737,2026-04
39622,5.348517318004265,2026-04
39650,4.872076189648381,2026-04
39669,25.219009753055047,2026-04
397,1.8729229424735332,2026-04
39708,2.7278815843628035,2026-04
39715,18.106911781300553,2026-04
39716,25.442000347952273,2026-04
39720,40.37183797692204,2026-04
39731,27.59545897344629,2026-04
3974,1.4045143005071545,2026-04
39741,18.684590208148474,2026-04
39771,1.4045143005071545,2026-04
39772,16.322203404022183,2026-04
39788,1.4045143005071545,2026-04
3981,51.17910822334167,2026-04
3982,8.383481992837732,2026-04
39827,2.2974621725613824,2026-04
3983,4.035435289319591,2026-04
3984,18.500727360112084,2026-04
39848,29.186724603788942,2026-04
3985,2.7901569621486613,2026-04
39850,4.569893592914368,2026-04
39861,18.106911781300553,2026-04
39862,9.56946966835822,2026-04
39868,41.43748966165961,2026-04
39871,2.815601978933593,2026-04
3988,1.467134597306509,2026-04
3989,2.033285151864868,2026-04
3990,13.962276868345787,2026-04
39902,89.81141040761543,2026-04
39904,22.128007091358487,2026-04
3991,32.31687954303156,2026-04
39918,8.003103851118729,2026-04
3992,34.16668767576924,2026-04
39925,2.6396027598656078,2026-04
39927,3.7898750368411425,2026-04
39935,1.4045143005071545,2026-04
39936,13.916730757830528,2026-04
3994,14.62322150094047,2026-04
3995,78.25795923104891,2026-04
39951,33.54254048532227,2026-04
3997,1.467134597306509,2026-04
3998,1.4045143005071545,2026-04
39980,1.467134597306509,2026-04
39994,3.2348482649908235,2026-04
39995,12.863067659308847,2026-04
400,3.2463444696944412,2026-04
4001,1.4045143005071545,2026-04
40016,2.815601978933593,2026-04
40026,3.2376623010030094,2026-04
4003,1.4045143005071545,2026-04
40030,1.4045143005071545,2026-04
40037,3.15295153426385,2026-04
40038,10.540975939760534,2026-04
4004,3.6133749672501714,2026-04
4005,2.033285151864868,2026-04
40067,30.54745958452981,2026-04
4007,31.185646434427344,2026-04
40072,3.5798028883072344,2026-04
4008,17.928656221862006,2026-04
40084,8.94642644367349,2026-04
40090,2.812787942921407,2026-04
40098,20.417620790452336,2026-04
401,2.033285151864868,2026-04
4010,14.07384279242993,2026-04
40100,9.2008515143974,2026-04
40102,1.467134597306509,2026-04
40110,3.31919498504037,2026-04
40111,44.18901710114686,2026-04
40119,22.168356322098195,2026-04
40138,3.109236320218878,2026-04
4015,39.35085410464987,2026-04
40171,5.348517318004265,2026-04
40181,27.720216634456158,2026-04
40188,3.2376623010030094,2026-04
4019,2.3102818650310275,2026-04
40191,8.003103851118729,2026-04
40195,2.033285151864868,2026-04
40197,17.955802472484073,2026-04
402,7.572043773855351,2026-04
40211,14.113387888030557,2026-04
40214,9.56946966835822,2026-04
40219,4.489631274632849,2026-04
4022,3.5798028883072344,2026-04
40229,16.130195281273682,2026-04
40231,27.490111995933365,2026-04
40232,17.543374951657675,2026-04
40253,2.2974621725613824,2026-04
40259,2.033285151864868,2026-04
4026,1.4045143005071545,2026-04
40261,1.467134597306509,2026-04
4028,1.4045143005071545,2026-04
4029,4.01716181086473,2026-04
40297,1.4045143005071545,2026-04
403,39.10714630013225,2026-04
4030,1.4045143005071545,2026-04
40306,13.904460005158592,2026-04
40308,2.033285151864868,2026-04
40310,2.812787942921407,2026-04
40319,8.455410649084557,2026-04
4032,2.033285151864868,2026-04
4033,1.8729229424735332,2026-04
4034,27.74545385158564,2026-04
40343,3.6628544723188163,2026-04
40357,4.35950334313436,2026-04
4036,3.595101488795311,2026-04
40361,1.467134597306509,2026-04
40363,3.7898750368411425,2026-04
4037,30.619430291811216,2026-04
40374,22.128007091358487,2026-04
4039,23.470403694014006,2026-04
40391,1.4045143005071545,2026-04
40418,6.832421004692615,2026-04
40432,46.41205627249327,2026-04
40434,2.033285151864868,2026-04
40435,20.286029302866172,2026-04
40442,15.784459106669965,2026-04
40459,35.11210867873227,2026-04
40475,32.31687954303156,2026-04
40477,25.901477880228942,2026-04
40488,21.125034463139098,2026-04
4049,40.31207979643104,2026-04
40494,1.4045143005071545,2026-04
40496,3.065632118037713,2026-04
4050,33.54254048532227,2026-04
40502,22.128007091358487,2026-04
40508,9.56946966835822,2026-04
40509,14.113387888030557,2026-04
4051,3.2348482649908235,2026-04
40515,6.960733852218768,2026-04
40543,3.2348482649908235,2026-04
40549,1.4045143005071545,2026-04
40558,2.9077124271336974,2026-04
40563,3.8103849589524175,2026-04
40564,1.4045143005071545,2026-04
40573,4.610582954176937,2026-04
40576,4.20686642201564,2026-04
40580,1.4045143005071545,2026-04
406,16.253643607623143,2026-04
4061,11.04581854851219,2026-04
40614,4.000516961420398,2026-04
40615,1.4045143005071545,2026-04
40620,6.960733852218768,2026-04
40621,33.243828368476215,2026-04
40622,1.4045143005071545,2026-04
4067,17.41085160945712,2026-04
40671,22.967012251631413,2026-04
40676,36.35891246945988,2026-04
40678,1.4045143005071545,2026-04
4068,9.56946966835822,2026-04
40693,9.00519647451822,2026-04
407,17.193050954417945,2026-04
40705,1.4045143005071545,2026-04
4071,4.075966704824564,2026-04
4072,10.633086387960638,2026-04
4078,22.967012251631413,2026-04
4079,2.033285151864868,2026-04
40865,13.0777255975576,2026-04
40927,6.960733852218768,2026-04
40932,1.4045143005071545,2026-04
40948,1.467134597306509,2026-04
40955,3.6628544723188163,2026-04
40958,2.2946481365491973,2026-04
40960,4.035435289319591,2026-04
40969,3.109236320218878,2026-04
40975,36.54665119364885,2026-04
41004,9.56946966835822,2026-04
41007,4.035435289319591,2026-04
41009,32.381662831083084,2026-04
41028,47.84485196135958,2026-04
41045,1.4045143005071545,2026-04
41047,9.56946966835822,2026-04
41048,31.436703670705267,2026-04
41049,7.572043773855351,2026-04
41053,4.035435289319591,2026-04
41057,2.9077124271336974,2026-04
41097,1.467134597306509,2026-04
41109,1.4045143005071545,2026-04
41137,9.56946966835822,2026-04
41163,10.540975939760534,2026-04
41168,295.093010082478,2026-04
41172,25.219009753055047,2026-04
41183,2.2946481365491973,2026-04
41186,2.033285151864868,2026-04
41188,102.11424091292504,2026-04
41190,37.5160181349483,2026-04
41199,1.467134597306509,2026-04
41209,13.904460005158592,2026-04
41212,43.58591187203154,2026-04
41214,23.097478005137823,2026-04
41217,4.720966880831903,2026-04
41218,10.272890038194909,2026-04
41220,16.354045794145023,2026-04
41226,1.5592450455066136,2026-04
41229,38.26159351467111,2026-04
41231,363.94497954369547,2026-04
41232,1.4045143005071545,2026-04
41235,13.0777255975576,2026-04
41240,3.15295153426385,2026-04
41243,4.720966880831903,2026-04
41245,1.467134597306509,2026-04
41251,44.03503714436503,2026-04
41252,25.248526197029612,2026-04
41263,4.610582954176937,2026-04
41267,24.88559353825012,2026-04
41268,2.7278815843628035,2026-04
41272,3.31919498504037,2026-04
41284,14.140534138652626,2026-04
41291,16.354045794145023,2026-04
41297,171.37167194269776,2026-04
41298,2.9077124271336974,2026-04
41308,33.88445376750665,2026-04
41314,3.1577425662378173,2026-04
41336,14.494727762635431,2026-04
41369,39.01852464111536,2026-04
41375,3.2348482649908235,2026-04
41377,9.56946966835822,2026-04
41378,14.113387888030557,2026-04
41384,1.8729229424735332,2026-04
41385,13.922733483613452,2026-04
41386,22.128007091358487,2026-04
41388,13.728106617826231,2026-04
41391,40.70704688931199,2026-04
41393,20.29963493284508,2026-04
41394,4.076738490517151,2026-04
41397,12.955178107508951,2026-04
414,5.654577204295922,2026-04
41403,27.8057982432341,2026-04
41433,12.955178107508951,2026-04
41435,8.455410649084557,2026-04
41436,32.381662831083084,2026-04
41441,13.0777255975576,2026-04
41445,7.664154222055456,2026-04
41449,1.4045143005071545,2026-04
41454,7.572043773855351,2026-04
41458,3.31919498504037,2026-04
41462,1.467134597306509,2026-04
41484,6.960733852218768,2026-04
41531,12.863067659308847,2026-04
41534,30.54745958452981,2026-04
41536,46.65489465410603,2026-04
41559,3.2376623010030094,2026-04
41571,13.0777255975576,2026-04
41572,8.455410649084557,2026-04
41573,8.455410649084557,2026-04
41574,22.967012251631413,2026-04
41580,8.455410649084557,2026-04
41582,12.955178107508951,2026-04
41583,13.632453447585357,2026-04
41608,9.56946966835822,2026-04
41613,9.56946966835822,2026-04
41615,9.56946966835822,2026-04
41629,58.590128953358196,2026-04
41637,9.56946966835822,2026-04
41640,13.0777255975576,2026-04
41651,2.812787942921407,2026-04
41652,9.56946966835822,2026-04
4274,10.633086387960638,2026-04
4314,1.4045143005071545,2026-04
4332,1.4045143005071545,2026-04
4343,17.76117560669685,2026-04
4346,1.4045143005071545,2026-04
4347,6.960733852218768,2026-04
4351,6.960733852218768,2026-04
4353,1.467134597306509,2026-04
4359,2.0844944220321864,2026-04
4380,2.033285151864868,2026-04
440,1.4045143005071545,2026-04
4468,1.4045143005071545,2026-04
4503,1.4045143005071545,2026-04
4542,33.54254048532227,2026-04
4564,2.9077124271336974,2026-04
4625,6.960733852218768,2026-04
4632,1.4045143005071545,2026-04
4649,3.109236320218878,2026-04
4663,1.4045143005071545,2026-04
468,13.916730757830528,2026-04
4695,4.400510805643029,2026-04
4703,3.31919498504037,2026-04
475,2.937023736634707,2026-04
477,45.080012937815184,2026-04
478,1.4045143005071545,2026-04
4795,1.4045143005071545,2026-04
4810,2.033285151864868,2026-04
4832,4.35950334313436,2026-04
4841,6.960733852218768,2026-04
485,22.967012251631413,2026-04
4863,1.4045143005071545,2026-04
4865,2.0844944220321864,2026-04
488,1.4045143005071545,2026-04
4881,30.790679341546397,2026-04
4885,23.470403694014006,2026-04
4893,1.467134597306509,2026-04
4899,16.04069110493762,2026-04
49,1.4045143005071545,2026-04
4943,2.2946481365491973,2026-04
5049,17.89954169752789,2026-04
5081,2.5241806829061355,2026-04
5086,2.033285151864868,2026-04
51,9.56946966835822,2026-04
5124,4.687596370505509,2026-04
5173,2.4206657916859924,2026-04
5181,4.000516961420398,2026-04
5212,16.443458563353463,2026-04
5217,2.2974621725613824,2026-04
5219,4.076738490517151,2026-04
5220,2.2946481365491973,2026-04
5241,5.188427961791772,2026-04
5243,2.0844944220321864,2026-04
5245,19.37433973212657,2026-04
5249,4.872076189648381,2026-04
5250,3.15295153426385,2026-04
5251,1.4045143005071545,2026-04
5255,12.863067659308847,2026-04
5261,6.960733852218768,2026-04
5264,2.815601978933593,2026-04
5290,1.4045143005071545,2026-04
5291,1.4045143005071545,2026-04
5304,1.9650333906736377,2026-04
5311,13.0777255975576,2026-04
5350,1.467134597306509,2026-04
5360,10.180779589994804,2026-04
5362,1.467134597306509,2026-04
5382,2.389572620761487,2026-04
5393,1.4045143005071545,2026-04
5409,25.901477880228942,2026-04
5412,17.7380018174449,2026-04
5413,1.467134597306509,2026-04
5418,17.985627321909067,2026-04
5432,1.467134597306509,2026-04
5433,1.4045143005071545,2026-04
5435,1.4045143005071545,2026-04
5438,2.4206657916859924,2026-04
5440,12.863067659308847,2026-04
5447,9.595287175976047,2026-04
5453,4.872076189648381,2026-04
5465,2.9077124271336974,2026-04
5472,2.2946481365491973,2026-04
5484,1.5592450455066136,2026-04
5501,1.467134597306509,2026-04
5502,15.784459106669965,2026-04
5523,10.936843870136741,2026-04
554,1.4045143005071545,2026-04
5583,31.0820179480038,2026-04
5608,8.003103851118729,2026-04
5621,1.4045143005071545,2026-04
5633,25.901477880228942,2026-04
5636,1.7150032515695177,2026-04
5639,10.540975939760534,2026-04
5640,1.4045143005071545,2026-04
5641,4.076738490517151,2026-04
5642,4.186544598136069,2026-04
5649,56.05567386126236,2026-04
5651,1.4045143005071545,2026-04
5652,3.2376623010030094,2026-04
5658,4.186544598136069,2026-04
5664,1.4045143005071545,2026-04
5669,3.8040293716672764,2026-04
5672,18.117342352567064,2026-04
5674,83.84222527199958,2026-04
5675,16.253643607623143,2026-04
5676,10.180779589994804,2026-04
5681,3.15295153426385,2026-04
5682,1.8729229424735332,2026-04
5683,1.467134597306509,2026-04
5686,13.728106617826231,2026-04
5690,14.62322150094047,2026-04
5691,1.4045143005071545,2026-04
5702,10.180779589994804,2026-04
5713,22.128007091358487,2026-04
5715,68.00321701820995,2026-04
5720,16.354045794145023,2026-04
5725,15.784459106669965,2026-04
5726,1.4045143005071545,2026-04
5732,8.840936783838783,2026-04
5734,13.0777255975576,2026-04
5742,1.4045143005071545,2026-04
5748,10.180779589994804,2026-04
5754,8.003103851118729,2026-04
5765,17.76117560669685,2026-04
5766,2.033285151864868,2026-04
5768,1.4045143005071545,2026-04
5780,9.56946966835822,2026-04
5784,1.8729229424735332,2026-04
5787,35.84882971834253,2026-04
5791,18.106911781300553,2026-04
5792,6.960733852218768,2026-04
5808,1.4045143005071545,2026-04
5820,1.467134597306509,2026-04
5843,2.4206657916859924,2026-04
5847,3.15295153426385,2026-04
5855,17.89954169752789,2026-04
5878,9.201133133604513,2026-04
5888,10.272890038194909,2026-04
589,3.109236320218878,2026-04
5899,6.960733852218768,2026-04
5906,35.11210867873227,2026-04
5908,1.4045143005071545,2026-04
5909,12.955178107508951,2026-04
5914,4.610582954176937,2026-04
5917,17.76117560669685,2026-04
5920,7.256909166961804,2026-04
5921,4.377199002553174,2026-04
5926,14.113387888030557,2026-04
5927,11.751751072881618,2026-04
5929,2.2946481365491973,2026-04
5934,2.033285151864868,2026-04
5935,23.470403694014006,2026-04
5944,3.5398448977370225,2026-04
5945,1.6228928033694132,2026-04
5956,14.533921126472746,2026-04
5965,3.631955345937127,2026-04
5970,2.812787942921407,2026-04
5975,2.6396027598656078,2026-04
5977,43.42310653978861,2026-04
5984,1.4045143005071545,2026-04
5995,12.863067659308847,2026-04
6000,9.56946966835822,2026-04
6006,17.937528994029215,2026-04
6012,12.955178107508951,2026-04
6013,7.572043773855351,2026-04
6024,3.15295153426385,2026-04
6065,14.113387888030557,2026-04
6107,2.2946481365491973,2026-04
6127,13.916730757830528,2026-04
6129,32.381662831083084,2026-04
6136,18.684590208148474,2026-04
6146,1.4045143005071545,2026-04
6150,1.4045143005071545,2026-04
6156,31.95155699578559,2026-04
6162,4.687596370505509,2026-04
6169,14.113387888030557,2026-04
617,8.09521429931883,2026-04
6196,13.904460005158592,2026-04
620,1.467134597306509,2026-04
621,1.4045143005071545,2026-04
6213,1.467134597306509,2026-04
6216,39.65322270182967,2026-04
6217,2.9077124271336974,2026-04
6223,13.904460005158592,2026-04
6227,9.56946966835822,2026-04
6232,1.4045143005071545,2026-04
624,2.9077124271336974,2026-04
625,10.272890038194909,2026-04
6257,4.720966880831903,2026-04
6289,2.812787942921407,2026-04
630,1.4045143005071545,2026-04
6300,14.936055543592891,2026-04
6308,1.5592450455066136,2026-04
6309,2.033285151864868,2026-04
635,22.128007091358487,2026-04
6361,10.272890038194909,2026-04
6367,2.033285151864868,2026-04
639,1.4045143005071545,2026-04
6399,6.960733852218768,2026-04
6407,2.033285151864868,2026-04
6478,8.455410649084557,2026-04
6492,1.4045143005071545,2026-04
655,1.4045143005071545,2026-04
6564,18.29756618571766,2026-04
6566,4.687596370505509,2026-04
66,2.033285151864868,2026-04
67,1.4045143005071545,2026-04
674,6.960733852218768,2026-04
675,22.967012251631413,2026-04
6751,4.000516961420398,2026-04
6766,8.09521429931883,2026-04
6801,1.4045143005071545,2026-04
6822,19.492268588133648,2026-04
6826,1.5592450455066136,2026-04
6871,3.2376623010030094,2026-04
6879,1.4045143005071545,2026-04
6951,2.2946481365491973,2026-04
6953,23.05912269983152,2026-04
7016,3.2376623010030094,2026-04
71,2.033285151864868,2026-04
722,2.5241806829061355,2026-04
724,9.56946966835822,2026-04
727,28.85169403254359,2026-04
728,1.9923839738320814,2026-04
729,13.904460005158592,2026-04
73,11.2959752911533,2026-04
730,3.2348482649908235,2026-04
732,1.4045143005071545,2026-04
735,2.0844944220321864,2026-04
737,33.54254048532227,2026-04
738,2.815601978933593,2026-04
740,14.113387888030557,2026-04
7421,2.812787942921407,2026-04
7422,1.4045143005071545,2026-04
7425,46.41205627249327,2026-04
7429,2.033285151864868,2026-04
7433,10.540975939760534,2026-04
7437,37.15462722492846,2026-04
7438,2.389572620761487,2026-04
7448,14.095114409575697,2026-04
7453,6.960733852218768,2026-04
7460,47.32186809340797,2026-04
7480,1.4045143005071545,2026-04
7492,2.4206657916859924,2026-04
7517,30.54745958452981,2026-04
753,1.467134597306509,2026-04
754,16.253643607623143,2026-04
7543,22.128007091358487,2026-04
7561,9.56946966835822,2026-04
761,3.2348482649908235,2026-04
7615,17.7380018174449,2026-04
7621,1.4045143005071545,2026-04
7622,3.6133749672501714,2026-04
7629,3.2348482649908235,2026-04
7637,8.455410649084557,2026-04
7640,1.4045143005071545,2026-04
7651,16.253643607623143,2026-04
7667,15.401088967652283,2026-04
7673,132.88062899037814,2026-04
7687,2.2974621725613824,2026-04
7699,1.4045143005071545,2026-04
7711,6.960733852218768,2026-04
7713,27.10308797350255,2026-04
7725,9.032342725140289,2026-04
7732,1.4045143005071545,2026-04
7743,2.2946481365491973,2026-04
7748,2.033285151864868,2026-04
775,1.4045143005071545,2026-04
7776,17.91781517598275,2026-04
7806,31.436703670705267,2026-04
781,4.2989768702157445,2026-04
7817,10.180779589994804,2026-04
7849,1.4045143005071545,2026-04
785,6.960733852218768,2026-04
7855,4.687596370505509,2026-04
7859,3.595101488795311,2026-04
7865,13.922733483613452,2026-04
7866,13.0777255975576,2026-04
7870,46.41205627249327,2026-04
7877,1.4045143005071545,2026-04
7878,12.955178107508951,2026-04
7889,1.4045143005071545,2026-04
789,12.863067659308847,2026-04
7906,1.4045143005071545,2026-04
7937,1.467134597306509,2026-04
7962,28.85169403254359,2026-04
7980,4.687596370505509,2026-04
8,11.569450308986696,2026-04
8047,4.449144101019283,2026-04
805,4.610582954176937,2026-04
8069,3.2376623010030094,2026-04
8072,2.815601978933593,2026-04
8076,1.4045143005071545,2026-04
8096,10.180779589994804,2026-04
8108,9.56946966835822,2026-04
8122,6.960733852218768,2026-04
813,22.128007091358487,2026-04
8142,4.168848938717256,2026-04
8145,14.140534138652626,2026-04
8148,3.5798028883072344,2026-04
8159,1.4045143005071545,2026-04
8166,9.391787538021617,2026-04
820,10.180779589994804,2026-04
824,1.4045143005071545,2026-04
8274,11.446142521956837,2026-04
8276,33.54254048532227,2026-04
8301,1.4045143005071545,2026-04
8335,2.033285151864868,2026-04
8343,8.003103851118729,2026-04
8411,33.88445376750665,2026-04
8447,4.610582954176937,2026-04
845,1.4045143005071545,2026-04
8452,3.2348482649908235,2026-04
850,2.033285151864868,2026-04
8507,13.0777255975576,2026-04
851,65.65645372779674,2026-04
8510,17.88911112626138,2026-04
8547,13.728106617826231,2026-04
855,30.53014265831441,2026-04
858,67.35494839262806,2026-04
860,644.5510135665946,2026-04
863,30.78057817158374,2026-04
869,18.397745679235662,2026-04
870,146.49291134771985,2026-04
876,43.42310653978861,2026-04
8766,9.56946966835822,2026-04
8788,2.033285151864868,2026-04
883,51.96979910402329,2026-04
885,51.88120035526683,2026-04
886,43.844382739947925,2026-04
894,37.79354582251474,2026-04
896,2.033285151864868,2026-04
898,60.69317032346045,2026-04
902,61.35552704051538,2026-04
905,16.517494232048602,2026-04
908,3.2376623010030094,2026-04
909,6.902191533169978,2026-04
910,1.8103026456741786,2026-04
9108,6.960733852218768,2026-04
912,6.902191533169978,2026-04
913,19.68111424562866,2026-04
914,15.743011838963152,2026-04
915,57.455655144361685,2026-04
918,451.5775156680458,2026-04
919,13.916730757830528,2026-04
920,23.895690763993468,2026-04
923,6.635280774098562,2026-04
925,493.56664813872675,2026-04
926,137.73684256438068,2026-04
929,55.60898426705738,2026-04
931,197.45637075996987,2026-04
933,48.75430994898702,2026-04
935,75.568185409822,2026-04
936,97.08279657829486,2026-04
937,91.05707193910101,2026-04
938,169.5580497610977,2026-04
942,196.6430284712206,2026-04
946,77.40785149003074,2026-04
9481,12.955178107508951,2026-04
952,53.98640013716522,2026-04
955,479.72497147748453,2026-04
959,24.999407580500954,2026-04
963,1.4045143005071545,2026-04
964,19.447062780885314,2026-04
967,22.805313837846906,2026-04
968,9.56946966835822,2026-04
971,1.5592450455066136,2026-04
9946,1.467134597306509,2026-04
