home_fps,CARD_TYPE,total_qty_kg,num_cards
1,PH,0.4380250368225228,1
10,PH,0.6080285589083234,1
10027,S,8.836177588356803,1
10119,PH,0.0,1
10295,A,0.1758087684045817,1
10321,A,36.45901408104974,1
10328,PH,0.0,1
10332,PH,0.5340019552307411,1
10486,PH,0.0,1
1065,PH,85.01549729411278,11
1066,PH,7.52828232476891,2
10686,PH,24.07815313660124,1
1070,PH,149.35469057553246,22
1070,A,82.89777814179413,31
10702,PH,6.262891868133096,3
10709,PH,0.1175546107292495,1
10710,PH,21.42967383952703,2
10718,PH,0.1264112656108981,1
10723,PH,0.457447388642767,1
10726,PH,10.569795950041536,1
10753,PH,10.146006221354233,1
10759,PH,1.957481287547966,1
1076,A,1.3476363441261745,1
10761,A,1.0874021120999426,1
1078,PH,0.0995921271840068,2
1083,A,11.369287524767143,8
1083,PH,1.9195724150700235,3
10833,PH,3.5551692836137225,1
10849,PH,18.875678621783663,2
10851,PH,9.5206014608833,1
1086,PH,0.0,1
10865,PH,14.9105621822872,1
10882,PH,9.207735065780575,1
10899,A,32.1512273769199,1
1091,PH,0.1474624552321586,1
10919,PH,4.728545324830258,1
1092,PH,19.683295119393296,2
10945,PH,0.3893499039645741,1
11,PH,1.7795911857513682,2
1118,PH,57.16548600840902,28
1118,A,4.9849401268075,7
1119,PH,0.0,2
1120,PH,889.7610821986619,247
1120,A,78.44928099766776,9
1121,PH,49.877251113521,19
1121,A,2.6675000779936586,3
1122,PH,89.30236215400166,43
1122,A,47.80489809912737,29
1123,PH,295.2687908495926,134
1123,A,85.31789917712277,26
11561,PH,1.7795911857513682,1
11600,PH,24.848977279442543,2
1187,PH,11.14626374695822,1
11902,PH,0.3487934219958239,1
11971,A,34.29832357725755,1
11972,A,0.0462545963195706,1
11976,A,1.0195243414092765,1
12001,PH,21.673353847410056,3
12002,A,63.75446248985889,4
12002,PH,15.33853851904481,5
12005,PH,0.0614832921485774,1
12008,PH,10.684636082004774,1
12009,A,33.18296429457514,1
12009,PH,4.998215540250689,4
1204,A,240.71657597634498,19
1204,PH,220.06997798562048,142
12068,A,32.9292193694417,2
12068,PH,7.304855045893866,1
12080,A,35.738101292473026,1
12080,PH,21.883237472147357,2
12084,A,17.692053459537185,1
12084,PH,10.630595605089146,1
12085,PH,0.121752933389479,1
12090,PH,15.392025654611663,2
12092,PH,0.0492321084828037,1
12113,PH,14.107177687595168,1
12114,PH,35.6201099220074,2
12114,A,34.9419720220844,1
12115,A,32.0403413954347,1
12115,PH,14.782068821459225,1
12116,PH,43.553670944477005,4
12117,PH,24.337826075350243,1
12117,A,3.210916390007955,1
12118,PH,18.789010015086674,1
12121,A,38.468458152579096,4
12121,PH,4.798257011590867,1
12133,A,4.279940530141032,1
12170,PH,2.291956603903967,3
12191,A,17.205858110694706,1
12211,PH,24.43792958011556,1
12215,PH,47.61579613169391,6
12215,A,1.9721224912000064,1
12216,A,1.855842347162635,1
12260,PH,0.0,1
12292,PH,10.717642689322448,1
12464,A,18.5354984820948,1
12490,PH,8.899066919962605,1
12523,PH,19.6875704422541,1
12525,PH,0.0387441985721133,1
12535,PH,14.84458145661613,1
12604,PH,1.1977664096332203,2
12619,PH,4.191451237905211,1
1264,PH,10.630595605089146,1
12686,A,32.49376441275027,1
12686,PH,0.0388570564151548,1
12691,PH,15.67026552100032,1
12693,PH,0.0726982840311619,1
12694,PH,14.053628870513853,1
12694,A,0.7331444237910482,1
12726,PH,1.2399162137828184,1
12742,PH,0.2276890316061992,2
12777,PH,1.4406821729254096,1
12789,PH,0.126366672164387,1
128,PH,29.742441471653716,2
12802,PH,4.551888319207071,1
12840,PH,1.769613931529851,1
12845,A,17.544863273114377,1
12847,A,26.073432994460376,2
1285,PH,10.918016499302599,2
12851,PH,0.0387441985721133,1
12868,PH,14.429720628927967,2
12878,PH,0.3697042453222969,1
12881,PH,15.39713653094575,1
12883,PH,0.2755671937407271,1
129,PH,0.0,1
12910,A,2.492959524329788,1
12912,PH,32.1693616215247,2
12917,PH,0.0,1
12921,PH,10.787399130319608,1
12935,PH,1.2862427777538563,1
12946,A,34.344884567102596,2
12946,PH,8.924808582355295,2
12949,A,0.7701103576788252,1
12960,PH,14.905262779869132,1
12964,PH,19.826676500410784,2
12974,PH,0.0,2
12980,PH,0.0,1
13009,PH,0.4552454250652847,1
13030,PH,0.636102666065397,1
13042,PH,14.901334222958994,2
13058,PH,29.762648214107926,4
13060,PH,4.498611784437073,2
13068,A,0.8900580069289885,1
13081,PH,0.0,1
13084,PH,0.0,1
13092,A,1.0487950538731223,1
13096,A,35.984769332072844,1
13100,PH,0.9088897547121932,1
13102,A,35.282294393456375,2
13108,PH,9.97621000201857,1
13115,PH,0.0354627012969658,1
13120,PH,0.0,1
13124,PH,10.71383526485246,1
13129,PH,7.431452712023878,1
13139,PH,7.350776200795285,1
13142,A,25.69841931697684,1
13145,PH,4.967855110381216,1
13148,PH,15.753850123991487,2
13148,A,10.671647772759751,1
13155,A,24.41335624297217,1
13168,PH,10.519086729569052,3
13171,PH,0.0980156821362516,2
13177,PH,0.050382628666851,1
13192,PH,15.338996627622306,1
13193,PH,0.0133524401944143,1
13195,PH,3.631463673734309,1
13199,PH,1.4332645865839184,1
1327,PH,0.0,1
133,PH,0.1085308666509049,1
134,PH,19.196815670728085,2
13496,PH,10.717642689322448,1
13530,PH,14.054048759178595,1
136,PH,0.0388570564151548,1
1361,PH,0.1731076456326122,1
13656,PH,7.126559163846473,1
13741,PH,0.0,1
138,A,31.954754019298303,1
138,PH,12.334473563219685,4
14034,PH,0.7924191901119462,1
1408,A,34.23230292521974,1
14136,A,2.2080730833810374,1
14313,PH,17.201431188884985,1
14315,A,1.8789467545260268,1
14318,PH,0.0900471114595816,1
14324,A,0.9116093383725384,1
14327,PH,2.345535516279833,2
14328,A,26.573782762551385,2
14328,PH,10.707375175581236,1
14329,PH,72.10913374683673,4
14329,A,0.8377723190474005,1
14335,PH,8.899066919962605,1
14369,PH,13.947944916900521,2
14369,A,0.6098552581823103,1
14378,PH,3.531795771889773,1
14379,PH,19.87413806255431,3
14417,PH,21.158285157249956,2
14417,A,18.486115301885157,1
14421,A,1.1040593598567436,1
14421,PH,0.0826755382526791,1
14422,A,80.86446804732199,4
14422,PH,44.34966303177738,3
14424,PH,1.6573185354769273,4
14425,PH,11.960983180093468,2
14426,A,33.703830928313884,2
14426,PH,26.091273260192445,5
14430,PH,31.174187491180824,3
14448,PH,16.633960466517795,3
14450,PH,20.466273365598973,2
14454,PH,30.015425441123963,2
14456,PH,16.524098252238456,1
14458,PH,7.846080460587056,2
14460,PH,0.0,1
14463,PH,10.017930945376506,2
14469,PH,0.0,1
14472,PH,18.748917513794908,1
14474,PH,0.4687850198974579,1
14478,PH,19.884963263123183,1
14480,PH,2.7716360768908377,3
14484,PH,0.2669574385042384,1
14488,PH,25.68702471383854,2
14494,PH,22.99667315416609,2
14496,A,0.8815133600172008,1
14496,PH,0.0239509357893081,1
14499,PH,36.924611203881724,3
14500,PH,1.8586595520720397,1
14501,PH,6.9892743092986205,1
14504,PH,0.1449137251367443,1
14507,PH,2.934064756252668,1
14509,PH,32.3549182933536,4
14510,PH,18.11865194256337,2
14511,PH,21.39241483907844,2
14511,A,2.3195407578041305,1
14512,PH,14.603721618493962,1
14516,PH,9.56002815808172,1
14529,PH,14.541320318546587,1
14531,PH,10.831725384687942,3
14531,A,0.4787187730976412,1
14532,PH,0.0,1
14533,PH,25.704936854198678,3
14538,PH,14.249583675615412,2
14538,A,1.0402952116270583,1
14543,PH,20.7743701070284,1
14545,PH,15.086043179050483,3
14554,PH,2.155644768706079,2
14562,PH,0.0,1
14569,PH,6.927987015682513,1
14576,PH,0.0,1
14586,PH,0.7802507129890965,1
14589,PH,4.78499174725874,1
14605,PH,0.0,1
14606,PH,2.0970649174811955,1
14610,PH,14.030338126157709,1
14617,PH,15.23489299857037,1
14619,PH,3.512774639055718,1
1462,PH,0.6499025693309477,1
14621,PH,0.0857389275673716,1
14627,PH,8.905205133540498,1
14628,A,33.753080921926745,1
14630,PH,14.151277432530977,1
14633,A,30.881524643294195,1
14633,PH,0.0816095035375843,1
14640,A,0.8167670064611157,1
14644,A,0.6590266666080405,1
14650,PH,34.75968566439526,3
14651,PH,0.2936356492654222,1
14656,A,2.756326984873458,1
14660,A,1.038711433701392,1
14661,PH,0.0322841093008893,1
14663,PH,0.0524388808337009,1
14669,PH,40.943962064226405,4
14670,PH,0.0,1
14671,PH,27.36375649141697,5
14671,A,17.759207981538527,2
14674,PH,1.769613931529851,1
14676,PH,0.1276532102075556,1
14684,PH,1.769613931529851,1
14687,PH,18.798218559128397,1
14688,PH,2.20149101762044,1
14697,PH,26.616649584104174,4
14699,PH,12.483449196382313,2
14700,PH,0.0,1
14711,PH,1.2588963041011063,1
14717,PH,0.0,1
14724,PH,4.753704671242206,1
14727,PH,14.015091494004125,1
14737,PH,0.0,1
14738,PH,0.0,1
14746,PH,9.567324740295962,1
14751,PH,0.0,1
1476,PH,15.130855817806006,1
14763,PH,44.02102297649947,2
14764,PH,8.763943199108635,1
14764,A,1.2751962447236505,1
14775,PH,19.66497867403552,1
14780,PH,5.379824627227431,2
14782,PH,0.0387441985721133,1
14788,PH,7.496958621080725,1
14790,PH,0.2153557992825798,1
14793,A,3.322127114430625,1
14827,PH,5.008478484482765,2
14840,PH,0.140928122453199,2
14843,PH,14.822278057381515,1
14845,A,23.70344016374007,1
14851,A,72.09170853242156,3
14851,PH,24.742492265653357,3
14853,PH,1.7363582795265116,1
14859,PH,0.0,1
14860,A,1.755092938362801,1
14872,PH,38.8664599391744,6
14872,A,28.66092708928249,1
14874,A,0.7202253826584997,1
14888,PH,24.37537064512281,1
14888,A,0.5682140695425968,1
14897,S,4.197415717100041,1
14898,PH,14.034193709222311,1
14899,PH,28.952307500410893,2
14900,PH,0.3926557906342628,1
14924,A,0.9940568009498042,1
14936,PH,68.28076120806614,7
14940,A,36.05543545034478,2
14947,PH,18.667660617979863,1
14954,PH,0.0,1
14956,PH,29.71265984840729,2
14963,PH,0.2397310563460695,3
14965,A,16.28402756710764,1
14965,PH,6.506361029765511,1
14970,PH,45.189280377246845,6
14973,A,3.198577760292642,1
14979,PH,3.5123870569178557,3
14984,PH,13.85822450007158,1
14985,PH,1.3514527383440345,2
14988,A,36.07975537266906,1
14994,PH,37.07571890893785,3
14997,PH,0.0322841093008893,1
14998,PH,3.856138331286007,2
14999,A,32.34905914647963,1
15001,PH,2.0992206803753253,1
15003,PH,0.0,1
15008,PH,2.2480888901081935,2
15012,PH,0.0578405301074632,1
15013,S,14.53164842021352,1
15017,PH,0.0,1
15024,PH,6.369230627582534,2
15026,PH,18.735673313818303,1
15028,PH,0.0565971651404768,1
15030,A,3.3939073013717107,1
15032,PH,24.464574151256592,2
15041,A,15.108070096918794,1
15041,PH,1.0300742664267752,1
15044,PH,15.004829241175992,1
15049,PH,14.725035240213415,1
15051,PH,1.3988423603247409,1
15052,PH,0.2679906552594163,1
15054,PH,0.2114272423724431,1
15057,PH,0.9318651719975932,1
15058,PH,7.02372475726192,1
15070,PH,24.84407679043281,2
15072,PH,4.066975481429847,1
15077,S,14.140730229739564,1
15077,PH,13.945726148230044,1
15079,PH,28.579730821447743,2
15083,PH,19.80318656510542,1
15090,A,31.87693043571548,1
15090,PH,5.86971500520322,3
15099,PH,0.0171752282692254,1
15101,PH,0.1881364980162973,1
15104,PH,14.053628870513853,1
15119,PH,0.361794529559108,1
15130,PH,1.7786089747466354,3
15141,PH,8.830007758605273,1
15152,PH,0.0047434761775966,1
15155,PH,0.1272668680789688,1
15159,PH,0.1135549551346157,1
15176,PH,67.45879440161997,5
15176,A,35.3027411402284,1
15183,PH,22.05550411278199,3
15184,PH,14.231083343263956,1
15196,PH,0.8437041268950543,1
15211,PH,34.799897219407804,4
15213,PH,14.797721649792662,2
15218,PH,0.0056524101364079,1
15219,PH,1.8586595520720397,1
15224,PH,27.373611402705688,3
15225,PH,2.4785981913703616,1
15238,PH,10.071897737592664,2
15240,PH,7.513538218811991,3
15241,PH,0.8047462501240816,3
15245,PH,13.972945449496326,1
15247,PH,0.071997075906247,1
15248,PH,7.499346957569364,1
15249,PH,1.8165327960004976,1
15254,PH,1.4578182939588031,1
15254,A,0.9288395054516394,1
15255,PH,15.9032517667338,3
15257,PH,15.061300006772573,3
15259,PH,0.0095450157244252,1
15260,PH,17.424057105708396,4
15260,A,4.194580017295975,1
15264,PH,1.3800488101055777,1
15266,A,0.306798817500468,1
15267,PH,14.057557427423989,1
15271,PH,24.821018368297747,3
15273,PH,4.881392049166591,1
15280,PH,14.806463125531428,1
15285,PH,0.0604260267180427,1
15289,PH,5.374411903726527,1
15292,PH,14.034266683067845,1
15299,PH,25.043351664659923,2
15303,PH,23.035181849865985,2
15306,PH,14.795058756115235,1
15309,PH,43.13612935626301,6
1546,PH,19.789066802649728,1
15915,PH,16.265524013966598,1
16090,PH,0.1920752433242143,1
16234,PH,10.630595605089146,1
16733,PH,0.3231145905602527,1
16908,PH,7.446347352920845,1
16978,PH,10.702066127352472,1
17051,PH,10.75400228356652,1
17064,A,32.254174505709166,1
17090,PH,9.583636429185184,1
17103,PH,20.03198061941475,1
17105,PH,0.0199298359120456,1
17117,PH,0.2489920005776771,1
17123,PH,10.707375175581236,1
17154,PH,1.927187621039972,1
17325,PH,4.888462483526003,1
17338,PH,19.178104382221452,3
1735,PH,0.2154111513116614,1
17361,PH,1.9470245989480817,1
17365,PH,0.0910802171979677,1
1737,PH,14.057557427423989,1
17372,PH,10.779754274584567,1
17388,PH,8.879891730898885,1
17390,PH,6.9471165009589,1
17395,PH,20.721865973619835,1
17402,PH,0.0767721992139383,1
17406,PH,10.874655774753863,1
17421,PH,14.134560399988034,1
17468,PH,19.88943605847093,1
17545,PH,0.6795648336653197,1
17559,A,35.30717898832842,1
17559,PH,0.0387441985721133,1
17571,PH,14.289748783712518,1
17575,PH,0.0861185545494449,1
17579,PH,40.3488929399196,2
17582,PH,2.580711607045325,1
17583,A,16.800432909044666,1
17585,PH,30.64756987073584,2
17588,S,7.404816677710911,1
17588,A,0.6196497908975258,1
17590,A,0.1474781538421287,1
1760,PH,0.17765740622037,1
17641,PH,0.5699804895032883,1
17650,PH,13.972945449496326,1
17675,PH,41.350200265119696,2
17678,PH,0.3756687245171272,1
17679,PH,13.19637610532669,1
17681,PH,15.916391655697856,1
17690,PH,14.677772538085634,1
17695,A,3.699302159355965,1
17700,PH,14.247526746360482,2
17708,PH,0.014338089741014,1
17727,PH,8.787050600010303,1
1779,PH,19.313646698164664,1
17831,A,25.3263584591212,1
17833,PH,1.7988131143775388,1
17857,PH,14.134560399988034,1
17883,PH,10.055441417808495,1
17896,PH,10.585462567640596,1
17927,PH,7.242466740816092,1
17934,A,15.821911613263495,1
17941,PH,0.0133524401944143,1
17963,PH,7.431452712023878,1
17970,A,36.59947974399549,1
17976,PH,24.657280864853263,1
18,PH,0.0536813268883663,1
18671,A,36.291494961913024,1
18691,PH,25.249124819116403,2
1871,PH,14.054048759178595,1
18726,A,18.479945472133625,1
18726,PH,7.459435751597502,1
18727,PH,19.522553413854617,1
18729,PH,11.64664773498112,2
18731,PH,0.0322841093008893,1
18734,PH,14.134560399988034,1
18795,PH,4.673637508623758,1
18811,PH,24.479777688830723,1
18825,PH,4.099783514162851,1
18827,PH,15.83991821739031,2
18865,PH,10.037555024152926,2
18867,A,34.12704910314439,1
18924,PH,19.478111505619523,1
18928,PH,2.736910877536413,2
18949,A,5.281694111864262,2
18949,PH,0.274151346989625,1
18973,PH,25.49879215393822,1
18974,PH,0.1133378558157274,1
18977,PH,1.874058692623399,2
18980,PH,15.760983021636386,1
18984,PH,10.684636082004774,1
1928,PH,1.9884050100064368,1
19496,PH,10.605417090496102,1
19520,PH,0.0095450157244252,1
19527,PH,14.193859158156137,1
19529,A,0.3291666516352823,1
19533,PH,4.795952824892174,1
19536,PH,105.13931657138943,6
19539,PH,0.088161525383404,1
19543,PH,39.17679651178205,2
19549,A,23.190293689647696,2
19549,PH,4.205120082306533,2
19553,A,3.593950629570448,1
19561,PH,0.0954373776076259,2
19562,PH,10.71383526485246,1
19565,PH,14.122690998011713,1
19568,PH,14.906422865034587,1
19568,A,0.3748187421010806,1
19569,PH,62.76091577348941,6
19573,PH,1.372206326011775,1
19577,PH,0.077018662979817,1
19578,PH,0.3635344155707686,1
19589,PH,0.0,1
19590,A,16.82493379300071,1
19592,PH,0.3558300503642777,1
19593,PH,13.643021971879405,1
19596,PH,1.8200182157077724,1
19597,PH,7.3621487021901,1
19607,PH,9.264560188847458,3
19629,PH,18.80006656063008,1
19760,PH,0.0578405301074632,1
19784,PH,3.531795771889773,1
19787,PH,1.8524897223205112,1
1988,A,2.48647007952765,1
19987,A,23.72288925668449,1
20,PH,0.1133378558157274,1
200,PH,0.8971584147550655,2
20006,PH,10.583809546511734,1
20063,PH,7.380711611950482,1
20193,PH,6.937358222588619,1
20199,A,1.1283312956202398,1
20264,PH,0.0,1
20265,PH,17.107444970963844,2
20272,PH,0.0,1
20304,PH,0.107479596504423,1
20331,PH,0.0651576231791271,1
20349,PH,14.102088893375296,1
20363,PH,1.7998301019468468,1
20400,A,0.8132074563690036,1
20402,PH,14.60563921343102,1
20408,PH,1.4706959417082603,2
20413,A,32.81541826300655,1
20430,PH,0.0726982840311619,1
20438,PH,0.3139121995724815,1
20441,PH,0.230786334636943,1
20449,A,34.66776685224089,1
20454,PH,0.0387441985721133,1
20468,PH,0.0,1
20489,PH,14.508019238991832,1
20490,PH,0.1550328098672166,2
20491,S,10.684636082004774,1
20497,PH,14.036507955909237,1
20499,PH,0.0133524401944143,1
205,PH,32.31339063677051,3
20502,A,1.6849115480255068,1
20505,PH,9.279599617841042,2
20505,A,0.7701103576788252,1
20507,PH,24.829946098147296,1
20508,PH,14.172479154627386,1
20510,PH,0.2986116078748863,1
20516,A,35.37121347310712,1
20516,PH,12.445203165569065,3
20519,PH,7.843149117253341,1
20520,PH,26.582981199406028,2
20520,A,0.9768698124139082,1
20523,A,32.50179521927292,1
20524,PH,0.0,1
20530,A,33.79685062617994,1
20531,PH,3.6228178505731483,3
20533,PH,0.0524388808337009,1
20538,A,0.6386094768481192,1
20538,PH,0.032374113062417,1
20539,A,31.741636197418497,1
20541,PH,10.569795950041536,1
20557,A,17.443619275940176,1
20566,PH,7.431452712023878,1
20569,PH,0.0765057085011509,1
20573,PH,4.236967672688194,1
20584,PH,14.057557427423989,1
20593,PH,9.693790959239696,1
20606,PH,0.1620754364667334,1
20618,PH,0.0614832921485774,1
20627,PH,0.0767721992139383,1
20644,A,33.81107842549852,1
20644,PH,1.8613886404138649,1
20657,PH,0.1135549551346157,1
20659,PH,0.0,1
20665,PH,4.668573216443278,4
20667,PH,19.497043174725995,1
20678,PH,2.647466502329656,1
20679,PH,8.845978271725876,1
20683,PH,15.434080722644925,2
20687,A,34.41753209100941,1
20693,PH,0.5251980924419681,1
20698,PH,0.1741129079844324,1
207,PH,14.23347975911099,1
20707,PH,15.720774835833916,1
20709,PH,0.0220710000413567,1
20712,PH,14.3169680849788,1
20716,PH,14.933527653675666,1
20717,PH,0.1349364709152271,1
20724,PH,0.0508736397154651,1
20729,PH,8.899035303788969,1
20734,PH,0.0322841093008893,1
20784,PH,0.8816995680970036,1
20785,PH,0.0,1
20789,PH,14.119692368572677,3
208,PH,0.918801032231442,1
20815,PH,0.3489691606163246,2
20881,PH,0.0,1
20899,PH,0.7069608269956634,1
209,PH,9.957309949085731,1
20907,PH,1.389011392356133,1
20917,PH,14.246148739936425,2
20921,PH,5.750661686981778,2
20943,PH,2.0676432034178998,1
20944,PH,14.038382238360269,1
20946,A,35.13802550896786,1
210,PH,18.65076545959272,1
21056,PH,0.7117909791768289,1
21064,PH,0.3581967327313981,1
21066,PH,24.771611958757237,1
21069,PH,14.166365913707097,1
21069,A,0.5952620251654718,1
21075,PH,4.205325432863231,1
21077,PH,4.227197858915224,1
21079,PH,1.87174770999274,1
212,PH,30.05432201982019,2
21216,PH,7.309784922590575,1
21217,PH,4.237459584922712,1
21262,PH,1.802620538847528,1
213,A,1.8898877283805184,1
21329,PH,0.6612898005410114,1
21350,PH,3.0412535805714294,5
21386,PH,0.0910802171979677,1
21391,PH,15.884259229263916,1
21408,PH,2.0868183924816197,1
2142,PH,1.8613886404138649,1
21422,PH,0.3292844203117809,1
21434,PH,14.324054257190324,1
21436,PH,27.277052298529057,3
21439,PH,1.77342135599984,1
21445,PH,15.080669565162031,1
21445,A,0.8998088230092793,1
21451,PH,1.8472456254044385,1
21456,PH,1.9817767972968043,2
21461,PH,1.989918238221886,1
21475,PH,0.0816095035375843,1
21479,PH,0.3681622018519168,1
21493,PH,1.7988131143775388,1
21495,PH,14.90677600808458,1
21509,PH,1.711253737239703,1
218,PH,9.130361492069223,1
2197,PH,0.1399524519436195,1
220,PH,8.883457377669647,1
22123,A,35.289901539528095,1
223,PH,12.641022885892431,2
22367,PH,15.025673461857536,1
224,PH,19.249519204195778,5
2240,PH,0.0069077145280123,1
22471,A,0.5146428836166494,1
22520,PH,0.8281908942085308,1
22537,PH,0.4459861864405519,1
22547,PH,14.3169680849788,1
22553,PH,21.039820977890717,2
22560,PH,20.137058443963667,1
22571,PH,14.091373035302304,1
22579,PH,14.902543196264235,3
22580,PH,14.149629147832918,1
22589,PH,14.840679832414304,1
22597,PH,0.0095450157244252,1
22602,PH,0.0604260267180427,1
22605,PH,0.0388570564151548,1
22606,PH,14.186869231870851,1
22612,PH,0.0,1
22613,PH,4.191451237905211,1
22640,PH,19.4057137998212,1
22642,PH,9.495090351047796,1
22651,A,0.5240781693518337,1
22661,PH,3.2358875930797297,1
22678,PH,0.0133524401944143,1
2268,PH,20.42878431759214,1
22694,A,17.692053459537185,1
22701,PH,4.205325432863231,1
22702,PH,0.1049674562881163,1
22704,PH,0.0800860094776376,1
22728,PH,14.774978881106358,1
22730,PH,0.1175546107292495,1
22732,PH,0.1559312346495374,1
22751,PH,1.9117884804886125,1
22769,PH,33.059900511930095,2
22770,PH,14.909017280925973,1
22821,PH,0.9286136255924816,1
22824,PH,0.0640103598589914,1
22862,PH,8.917966972895444,1
22879,PH,8.329901169880618,3
22900,PH,1.5736658017280707,1
22947,PH,14.15349206909451,1
23002,PH,7.418690872668931,1
23004,PH,13.19637610532669,1
23036,A,31.84206377279012,1
23059,PH,0.1260375528218736,1
23067,A,0.8815133600172008,1
23074,PH,10.684636082004774,1
23084,PH,29.414319974927807,2
23107,PH,15.385387997551,1
23109,PH,0.0577887255216298,1
23169,PH,2.0868183924816197,1
23171,PH,0.1064793577493274,1
23487,PH,2.391019832679728,1
23488,A,34.32042360851505,1
23522,PH,0.1464320984883075,1
23968,PH,25.83897187988125,1
240,A,17.281826699321623,1
2403,PH,18.70792896943532,1
2406,PH,10.684636082004774,1
2407,PH,0.0,1
2408,PH,0.1042058309336084,1
2409,PH,14.20478151693504,2
2413,PH,48.7650367700558,7
2416,PH,43.86694338728939,6
2417,S,14.341271505489088,1
2419,PH,5.376240729550848,3
2419,A,0.1100176661314332,1
2420,PH,1.2188667422680644,1
2421,PH,0.2802895605675186,1
2422,A,17.405369984658574,1
2422,PH,9.936009710186672,1
2427,PH,10.71383526485246,1
24335,A,3.671466937205844,1
24355,A,17.64845576049972,1
24374,A,17.5408307271025,1
24380,PH,15.12781363015681,1
24404,PH,11.663907006957519,2
2441,PH,53.02388654809982,4
2442,A,15.602765492487295,1
2443,A,1.9635200894564,1
24431,PH,4.871356938127695,1
24499,PH,10.89246667233168,1
24530,PH,15.134462518943428,1
24594,A,36.069055390567044,2
24594,PH,4.877495151705589,1
24710,PH,0.2772008408754488,1
24860,PH,15.4191022525052,1
24865,PH,0.0,1
24871,A,34.66713301900308,1
24874,A,1.6224311872080497,1
24874,PH,1.5906204142624134,2
24876,PH,18.77521808055888,1
2489,A,34.836550831652225,2
2489,PH,33.28633814065533,5
24890,PH,7.505131011769285,1
24890,A,4.1205317815747815,2
24894,PH,88.45019854777316,5
24894,A,1.735791394115911,1
24896,A,22.65185276583736,1
24897,PH,14.581944579685612,1
24899,PH,1.8787902890844836,1
2492,PH,14.956210604008321,4
24924,PH,0.947627088388429,2
24944,PH,23.911285369625222,1
24947,PH,15.021249959091088,2
24964,A,0.4357403604821542,1
24974,A,0.6933570583851746,1
24974,PH,0.0524866435086639,1
24977,PH,0.0,1
24983,PH,0.0177119507169816,1
24988,PH,0.5103485290532989,1
24992,A,0.3752430404673185,1
24992,PH,0.0176539428298153,1
25034,PH,14.134560399988034,1
25035,PH,0.0,1
25036,PH,11.048079698474687,1
25044,PH,8.927077559592488,1
25045,PH,0.2033411138808778,2
25049,PH,1.146059615768065,1
25050,PH,20.152765948493546,1
25050,A,3.821184115552946,1
25058,A,1.5161786869647964,2
25067,PH,14.918524541479329,1
25067,A,0.8213343886260028,1
25069,PH,20.726761770103394,4
25070,PH,14.09992440929173,1
25071,PH,0.0195222699459425,1
25072,A,1.5551313648762883,1
25072,PH,0.1936115066239916,2
25075,PH,5.0210829475736904,2
25076,PH,16.19097357031938,2
25077,A,32.456562411023306,1
25078,PH,13.949654705140182,1
25079,A,16.453488579861613,1
25079,PH,0.045026886166683,1
25084,PH,15.130855817806006,2
25094,A,1.3463031104773535,1
25094,PH,0.32013050738457705,3
25095,PH,0.8430482318330159,1
25098,PH,14.345156309808887,3
25099,A,0.798872442919687,1
2510,A,31.273783698531677,1
2510,PH,2.577815219738798,2
25107,PH,2.0115068973995758,1
25111,A,34.00162444541194,1
25111,PH,1.3311733765296954,1
2513,PH,24.681206340033018,2
2513,A,18.479945472133625,1
2514,PH,10.653556697687144,3
2515,PH,1.6057484119963823,3
2518,PH,0.2154385666503835,1
2522,PH,0.1064793577493274,1
25225,A,1.0435135072597617,1
2523,A,0.7445184951226713,1
25243,PH,19.56477133090583,1
2527,PH,34.92109824062342,3
253,PH,1.769613931529851,1
2530,PH,18.936849544685263,1
25318,PH,35.997604637463624,4
25318,A,24.66426772468793,1
25319,PH,8.075346159431533,3
25320,PH,14.949041412998302,1
25321,PH,38.142292976324654,2
25321,A,36.32377576259127,1
25322,PH,18.96309669680221,1
25323,PH,16.942991737815046,1
25324,PH,14.323655185693463,3
25325,PH,14.782068821459225,1
25326,PH,13.979462563933428,2
25327,PH,5.000961838635336,2
25328,PH,10.723812519073975,1
25329,A,35.6508583448104,2
25330,PH,10.733704615680628,4
25330,A,0.5168550971168382,1
25332,A,38.82692217537519,2
25332,PH,0.3246934691056938,2
25334,A,0.2026523429333394,1
25335,PH,9.195992475125324,3
25335,A,5.5401895830544845,2
25336,PH,23.10687704405458,4
2534,PH,11.292067622147963,2
25340,PH,0.0238681684215044,1
25353,A,0.4433016863497022,1
2536,PH,0.1553709857668081,1
25360,A,53.29785765682934,3
25360,PH,20.733166681280508,1
25362,PH,8.849427407546457,2
25365,PH,11.485986833411857,4
25366,PH,1.1343766665599029,1
25368,PH,13.661437333075668,2
25369,PH,29.01645203221642,3
25370,PH,28.790130398361608,2
25371,PH,0.0195690095083933,1
25379,PH,14.09992440929173,1
25383,PH,0.0387441985721133,1
25384,A,17.232494181998035,1
2539,A,51.645646773355736,2
25410,PH,8.963077279821597,2
25420,PH,4.814565631076957,2
25428,PH,31.0979584500455,1
25433,A,25.76200965647805,1
2551,PH,14.895357718714257,1
2552,A,2.8045218390519926,2
2553,A,32.74438923870871,1
2553,PH,9.654271064492882,1
25533,A,0.3865459114133134,1
25561,A,32.448624121695715,1
25623,PH,0.0,1
25681,PH,0.0689148725770236,1
25688,A,4.369381955096263,1
25691,PH,0.0,1
25695,PH,0.1868747473393792,1
257,PH,10.85599059636018,1
2574,PH,14.401980240083748,1
2577,PH,1.2354461880709535,1
25770,PH,8.931044923072594,1
2579,PH,7.49634145115442,2
258,PH,0.0,1
2580,PH,0.1090372460256744,2
2581,PH,28.955176230711523,3
25830,PH,18.72710415849904,1
25855,PH,0.5254675904949103,1
25864,PH,14.908543736643754,1
2596,PH,1.769613931529851,1
25984,PH,7.438306850137398,1
25989,PH,0.0816767119319704,1
25994,A,1.017888357033105,1
2603,PH,2.113289894341214,1
2610,PH,19.692287253686352,1
2612,PH,0.057750507835294,1
26137,PH,0.058086993873342,1
2614,PH,14.73416983100351,3
26141,PH,7.404816677710911,1
2622,PH,0.4312550287415388,1
2624,PH,25.62493623299151,2
26241,PH,51.8464694122938,3
26241,A,35.06083234266622,1
26252,PH,18.752846070705044,1
2627,PH,1.379910691218266,1
26281,A,15.3799353970224,1
26281,PH,14.10396586971829,2
2631,PH,0.0944554031708647,2
2634,PH,0.0,1
26348,PH,14.22193515389929,1
2635,PH,0.1475090405936642,1
2638,PH,11.040688913571309,1
26385,PH,20.792098710805035,2
26417,PH,23.02700196888422,2
26430,PH,1.372206326011775,1
26433,PH,10.684636082004774,1
26440,PH,15.280393018759048,1
26527,PH,14.331971197175138,1
26535,PH,1.3833631029964852,1
26572,PH,24.324822364227053,1
26574,PH,27.6722608799726,1
26578,PH,10.659794787936832,1
2659,A,19.545792777363346,1
2659,PH,0.051458435058976,1
26598,PH,1.210528248988167,1
26619,A,23.937410934164493,1
2662,PH,8.927077559592488,1
2663,PH,0.0631728814515289,1
26641,PH,0.1608465437441436,1
26643,PH,2.0635276481254734,1
26644,PH,7.724735410984225,3
26644,A,5.090139679337584,2
26645,PH,4.086679528728307,1
26646,PH,0.4320933711263093,2
26647,A,0.3363940226210012,1
26649,PH,14.09447491540865,1
26652,PH,19.76835350010201,1
26652,A,2.537046275522584,1
26653,PH,7.309784922590575,1
26655,PH,2.0868183924816197,1
26656,A,24.396411138388707,2
26656,PH,0.12465931953625929,2
2667,PH,1.944963811220286,1
26709,PH,1.2771745708914393,1
26716,PH,0.0,1
26719,A,4.610703720373611,1
26719,PH,0.3292844203117809,1
26720,PH,7.1056673797229974,3
26723,A,34.50384624728029,1
26725,PH,10.710487779107737,2
26726,PH,0.2114272423724431,1
26733,PH,3.6919227658660145,2
26736,PH,4.795952824892174,1
26739,PH,20.396718850338523,1
26751,PH,3.852044378316084,1
26784,PH,0.6836451818115733,1
26788,PH,11.005374640057148,1
26847,PH,14.77557462565474,1
26851,A,0.5225356639750725,1
26852,PH,14.17131906946193,1
26956,PH,0.045026886166683,1
26958,PH,1.7796379253138188,1
26975,PH,1.4839881264334709,1
26976,PH,21.341112370765895,3
26976,A,0.9215780070570369,1
26977,PH,0.0,1
26978,PH,44.25385419645137,4
26978,A,0.1109258261263393,1
26979,PH,33.51089245469167,2
26985,PH,20.49658307917536,2
26989,PH,20.172418629776445,2
26989,A,18.53440231746813,1
26990,PH,14.107177687595168,1
26992,A,17.405369984658574,1
26993,PH,9.597359888658238,1
26993,A,4.7961539044411365,1
26996,PH,14.29869605375095,2
26997,PH,24.80179102382146,3
26997,A,4.3477465755880536,3
26998,A,35.812764687567025,2
26998,PH,7.418690872668931,1
26999,A,2.6010698375084407,1
27000,PH,18.755149459360357,1
27000,A,0.9172594724622164,1
27001,PH,37.86577591171307,3
27001,A,0.8464872208028588,1
27004,PH,8.913037096198735,1
27015,A,26.94786228385717,2
27015,PH,0.0,1
27016,PH,0.0195222699459425,1
27017,A,134.74288153430766,10
27018,PH,0.0604260267180427,4
27019,A,2.9978391275126346,4
27019,PH,1.4336561723502417,1
27029,PH,0.0322841093008893,1
27045,PH,0.0604260267180427,1
27048,A,1.856433070232314,2
27049,PH,14.90284745117444,1
27049,A,0.7445184951226713,1
27056,PH,9.716273307439335,2
27057,PH,10.631309114627127,1
27087,PH,14.15349206909451,1
27090,PH,4.205325432863231,1
27119,PH,14.31714283845438,2
27121,PH,0.3231145905602527,1
27122,A,32.931852401777995,1
27122,PH,4.142536351239294,2
27134,A,1.315706283763472,1
27140,PH,14.15349206909451,1
272,PH,1.8215522079540027,1
27201,PH,13.972945449496326,1
27206,PH,0.1431693952945906,1
27252,A,0.9888778293887976,1
2727,PH,29.518477726913858,3
27273,PH,0.6129576230286348,1
27300,A,1.7253616224267907,1
27309,PH,18.660941622354944,1
27311,PH,1.2543462410037938,1
27348,A,1.0311168927754393,1
27350,PH,1.8586595520720397,1
27385,PH,0.7444908800151551,2
27391,A,1.3208027583796549,1
27391,PH,0.0,1
27392,PH,7.404816677710911,1
27397,PH,8.679656477098078,1
27399,A,0.9396805496353224,1
27403,PH,0.0,1
27409,PH,0.0295761747181741,1
27411,A,31.44965395027888,1
27415,PH,14.156129370290923,1
27418,A,3.567893533612932,1
27418,PH,2.0480105164082447,2
27419,A,0.8900580069289885,1
27424,PH,29.325678280994104,3
27424,A,1.8776819790656198,3
27428,PH,39.698866063162804,4
27446,PH,8.983472881952293,1
27451,PH,24.51351654083371,1
27494,PH,0.7621143578542173,1
27545,PH,0.045026886166683,1
27546,PH,2.474538522456749,3
2755,PH,25.721395341536372,2
27551,PH,7.352507873472237,1
2756,PH,0.1924206624243521,1
27570,PH,1.808790368599056,1
2758,PH,0.0,1
27613,PH,14.279098663741893,1
27756,PH,14.852428365809054,1
27818,PH,0.1186760190573854,1
27820,PH,9.801269536042447,1
27827,PH,13.972945449496326,1
27935,A,16.996474558680486,1
27941,PH,28.72453158154812,2
27977,PH,0.1135549551346157,2
27978,PH,19.48428133537105,1
28086,A,36.72827950341868,1
28150,PH,0.1064793577493274,1
28164,PH,0.164530140318044,1
28200,PH,1.1483008886094566,1
28210,PH,14.130387458084918,1
2822,A,17.1232703512627,1
28226,PH,18.99258442276927,2
2824,PH,10.71383526485246,1
28275,PH,27.628699793678297,1
2830,PH,7.404816677710911,1
284,PH,21.764949323742396,3
2840,PH,22.475604658640748,3
2840,A,0.903911241354256,1
2842,A,19.484617973404028,1
2842,PH,8.868053480340171,3
2843,PH,0.1890271524047926,3
2848,PH,31.098563376659534,2
28544,PH,1.233659337847088,1
2856,PH,23.537813135904454,4
2859,PH,0.1881486123782298,1
2861,A,31.13257960696015,1
2862,A,0.7502241116731728,1
2862,PH,0.0,1
2864,PH,19.99717677904076,1
2887,PH,0.8629423235092109,1
289,PH,0.3905062785585074,1
29004,PH,46.43569273585373,16
29007,PH,13.736245863769554,7
29008,PH,10.375126199262457,11
29008,A,2.222481951775215,3
29009,PH,53.49238600718731,8
29009,A,24.39219886802128,8
29027,A,1.892533996294399,1
29051,PH,1.8548835035596791,2
29051,A,0.8561294798819838,1
29052,A,0.0894611661326173,1
29053,PH,14.16434119743777,1
29061,PH,14.140730229739564,1
29068,A,36.40189114428341,1
29068,PH,4.205120082306533,1
2908,PH,20.08463951724063,2
2912,PH,4.673637508623758,1
29125,PH,0.1049141166310916,1
29133,PH,0.2489920005776771,1
29162,PH,25.824255048755276,1
29165,PH,20.046523977844437,1
29166,PH,2.7558739182017726,2
29175,PH,19.569957263577567,1
29179,PH,26.034684549527395,4
29184,PH,10.963293661824675,1
2957,PH,2.204563864634817,1
2962,A,0.9761229971664996,1
2962,PH,0.0726982840311619,1
2967,A,2.056368125570367,1
2969,A,33.19426392057665,1
2977,PH,0.0861292496768621,1
2986,PH,0.0387441985721133,1
3018,PH,13.972945449496326,1
302,PH,0.1173708705817935,1
3052,PH,10.707375175581236,1
3069,PH,24.768578895406627,1
308,S,8.905205133540498,1
3114,PH,10.000028318736566,2
3121,A,25.08044230070562,2
3121,PH,19.394021958519144,2
3133,PH,0.5734790380406136,1
3144,PH,1.2399162137828184,1
3182,PH,14.557462264842798,1
3197,PH,10.630595605089146,1
3213,PH,2.515837883886785,2
3216,PH,24.991840375544246,4
3217,PH,8.836904844502058,1
3218,PH,1.89717088472144,4
322,PH,19.706727811434888,2
323,PH,0.7351295250228763,1
325,A,22.971450531441143,1
325,PH,3.5809043244939143,5
3377,PH,14.649959087263449,1
339,PH,28.184436217263514,2
3454,PH,0.1049141166310916,1
3458,PH,0.050382628666851,1
3747,PH,30.69704974237202,2
3751,PH,15.786314170861163,2
3752,PH,27.65859737120897,3
3753,PH,1.5813731549328929,1
3760,PH,37.889306870232986,4
3761,A,16.516860467325767,1
3761,PH,5.006806619254172,2
3762,PH,64.00766679000999,7
3762,A,33.13900422819666,1
3764,PH,25.33241246611156,1
3764,A,2.1317867073582635,2
3765,A,35.95276768985305,2
3765,PH,10.668434661091334,4
3766,A,1.0529684948765352,1
3766,PH,0.4230762343343913,2
3767,A,53.71946970251959,2
3767,PH,37.26626255646107,5
3768,A,34.65760044074277,1
3768,PH,9.81015748338674,2
3769,PH,40.174244422756466,5
3769,A,1.027848298404234,1
3770,PH,54.37916928560464,6
3770,A,34.77828558714268,1
3771,PH,20.66974762334368,3
3772,PH,2.485967089027859,1
3772,A,1.764651548129367,1
3773,PH,0.058086993873342,1
3774,PH,0.7409303075160639,1
3777,PH,1.4364631496366451,2
3778,PH,4.673637508623758,1
3779,PH,17.033870434281273,3
3779,A,0.373896582209522,1
3780,PH,1.7988131143775388,1
3784,PH,2.838557714363119,3
3785,PH,14.918524541479329,1
3789,PH,0.437071142232993,2
3791,A,15.85132956494633,1
3792,PH,15.91597347930873,2
3793,PH,0.1008815803413328,1
3795,PH,14.506501770257128,1
3800,PH,14.134560399988034,1
3801,A,1.6618210257586554,1
3803,A,31.885391728379204,1
3804,PH,14.470852350958392,1
3806,A,36.736235121404,1
3806,PH,1.3835211098532325,2
3807,A,35.685190479133006,1
3807,PH,1.2166254694266727,1
3808,PH,38.48301492202239,2
3810,PH,0.0614832921485774,1
3811,PH,9.56118652671807,1
3812,A,0.6631867556353571,1
3814,PH,0.0508464465224691,2
3815,PH,18.772751535826856,2
3816,PH,14.102088893375296,1
3817,A,18.855238431938425,2
3821,A,25.64583896873413,1
3821,PH,0.0322841093008893,1
3823,PH,21.997568724405024,2
3825,A,1.9368984472120223,1
3826,PH,2.59559625466604,2
3827,A,19.05430365077764,2
3827,PH,14.908687833417783,2
3828,PH,14.92076581432072,1
3829,PH,28.422665656673804,3
3829,A,6.344924480033952,2
3830,PH,14.049269795264182,1
3830,A,0.862905524665201,1
3832,PH,0.4164826294481699,2
3833,PH,14.102088893375296,1
3836,PH,19.549415292533386,1
3837,PH,0.3672950020241888,1
3839,PH,14.15748834380079,2
3841,PH,0.8492180615845442,1
3842,PH,39.76082097631611,3
3842,A,2.2530065014288456,1
3843,PH,16.64275288912878,2
3844,PH,22.05651281743021,4
3848,PH,0.0900471114595816,1
3849,PH,0.0900471114595816,1
3851,PH,31.4647663655565,4
3856,PH,0.0387441985721133,1
3859,PH,4.578130410343947,1
3861,PH,0.0604260267180427,1
3863,PH,39.25909076145406,4
3863,A,0.2200671165296215,1
3866,PH,1.1149700632612234,1
3868,A,1.0755056945952628,1
3868,PH,0.2777766483534372,2
3869,PH,0.3651544432068844,1
3872,PH,0.0689148725770236,1
3872,A,0.0,1
3873,PH,89.0268490063116,5
3874,PH,17.94883053225875,5
3875,PH,6.881463219411349,1
3875,A,0.9172594724622164,1
3876,A,28.60591670652985,1
3876,PH,19.258873888555744,3
3879,PH,10.71383526485246,1
3881,PH,59.51298892606411,6
3881,A,1.7947942414294693,1
3884,PH,0.0642568236248702,1
3886,PH,30.28545640967087,3
3887,PH,19.821605422341424,1
3889,PH,18.65076545959272,1
3890,PH,7.412521042917403,2
3890,A,0.9483916705366704,1
3891,A,95.90984429070261,3
3891,PH,28.92251662479174,2
3892,PH,12.34067345054827,4
3893,A,0.6448934860589501,1
3893,PH,0.1049141166310916,1
3894,PH,2.162625661601809,2
3894,A,0.8900580069289885,1
3895,PH,9.750812522831962,1
3895,A,0.8119446814941863,1
3899,PH,0.050382628666851,1
390,PH,4.357579476435108,3
391,PH,69.98948041736821,5
3910,PH,4.846708866852195,1
3910,A,0.0,1
3913,PH,10.684636082004774,1
3915,PH,2.3265653316325072,2
3917,PH,21.724255466861226,4
3918,PH,4.202679965209272,1
392,PH,29.489447917527738,6
392,A,4.209201057265243,2
39205,PH,19.496046182231343,1
39208,PH,44.674913040557655,3
3921,PH,0.0,1
39214,A,31.85604368650692,1
39214,PH,14.102088893375296,1
39215,PH,18.348693149631018,2
39216,PH,0.0388570564151548,1
39218,PH,18.42990254390663,3
39219,PH,14.166365913707097,1
3922,PH,29.222188071471205,4
3923,A,37.79459069128154,1
39233,PH,0.7428720436261933,1
3924,PH,37.58439381659962,6
3924,A,16.788287080988038,1
39252,PH,25.30949140271879,1
39254,A,34.395835907915625,1
39254,PH,0.0748319467829255,1
39257,PH,10.736574358428925,1
3926,PH,21.902624134788322,2
39260,PH,0.0726982840311619,1
39261,PH,0.0,1
39262,PH,0.0640103598589914,1
39263,PH,16.218303524041563,1
3927,PH,27.084029313881416,1
3927,A,1.1538719772325567,1
39271,PH,24.72201322509394,5
39271,A,17.038116984737186,1
39272,A,44.303194174458504,12
39272,PH,0.19535790673655018,9
39273,PH,326.3146887223346,74
39273,A,11.066191450579087,2
39274,PH,32.00059719346591,2
39276,PH,25.426780785442077,2
3928,PH,7.023756373435554,1
39282,PH,1.8241012328051132,2
39282,A,1.7133596591567106,1
39284,PH,1.8548835035596791,1
39287,PH,0.6328446645208806,1
3929,PH,0.2155833334369443,2
39296,PH,1.927581787590841,3
39298,A,1.2711093732114598,1
393,A,23.26042775781541,1
39304,A,1.3183649644601183,1
39304,PH,0.1049141166310916,1
39308,PH,7.077964679007613,4
39319,PH,1.4685022925316151,1
3933,PH,34.28682946401498,4
3933,A,34.15702566620116,3
3934,A,21.544111511154128,3
39344,PH,14.847345974564288,1
3935,PH,17.33526453375931,2
3936,A,0.9895748546567196,1
39365,PH,0.0388570564151548,1
3938,PH,14.3169680849788,1
39381,A,3.0830487764860273,2
39381,PH,0.18831568996747972,3
39382,PH,44.40965910070632,3
39383,PH,0.3756687245171272,2
39384,PH,0.0900471114595816,1
3939,A,34.53601272405292,1
3939,PH,15.567362326000907,2
39394,PH,398.349802337974,94
39394,A,210.41170419510104,31
39395,PH,233.2301053876657,56
39395,A,93.49043341021698,6
394,PH,14.13720861106526,2
3940,A,28.35447084304416,1
3941,A,31.961075438286546,2
3941,PH,27.644328966829402,4
39428,PH,14.057557427423989,1
39450,PH,0.0,1
3946,PH,14.890331475149628,1
3949,PH,0.878055097990108,1
395,PH,2.062237775661388,4
3951,PH,16.463321204963037,1
39515,PH,2.0868183924816197,2
39516,PH,2.484340930474912,1
3952,PH,38.16166446284289,3
3952,A,18.5087847686416,2
39526,PH,10.71383526485246,1
39529,PH,1.769613931529851,2
3953,PH,47.01918107312505,3
3953,A,2.798080293981804,1
39539,PH,0.0,1
39548,PH,0.3150073933043388,1
39556,PH,0.3154102253537617,1
39566,A,25.94573978278316,1
39566,PH,0.0195222699459425,1
3957,A,34.650946739132216,1
3957,PH,6.966557269519841,2
39579,PH,0.0878889496072264,1
39587,PH,0.0388570564151548,1
396,PH,0.2913069193148607,1
39615,PH,10.295811947389804,1
39615,A,1.0365968622608248,1
39616,PH,17.658905639594707,6
39616,A,0.7466226620554234,1
39618,A,32.99920191067108,3
39618,PH,24.276532676910655,4
39622,A,6.414086474209422,1
39650,PH,3.7325877377690393,2
39669,PH,25.601277635448426,2
397,PH,0.5565898711562193,2
39708,PH,0.0,2
39715,PH,20.474881648878604,1
39716,PH,26.356129494337928,3
39720,A,17.41011030104529,1
39720,PH,12.610835838223595,2
39731,PH,18.835410299876205,2
39731,A,2.158250107970866,2
3974,PH,0.0,1
39741,PH,20.332435060299503,1
39771,PH,0.0780256011022701,1
39772,PH,15.626183186136911,2
39772,A,0.3516775613914338,1
39788,PH,0.0,1
3981,A,32.1718595575654,1
3981,PH,22.746974408280362,4
3982,PH,7.54745751383263,2
3982,A,0.5137796926596772,1
39827,PH,0.5788550169892345,1
3983,PH,2.7222862004725226,2
3984,PH,17.825444184382448,6
39848,PH,29.83073097714498,3
3985,PH,0.4294978202157737,5
39850,PH,4.065487868384775,1
39861,PH,19.90096311816594,2
39862,PH,11.125492562167976,1
39868,A,35.47494802338283,1
39868,PH,14.15349206909451,1
39871,PH,2.061099017565813,2
3988,PH,0.192065054926434,1
3989,A,0.1163989407252626,1
3990,PH,10.897197486154402,1
3990,A,0.6894386492858362,1
39902,PH,49.4902032062059,15
39902,A,35.25160888485533,3
39904,A,17.41011030104529,1
3991,PH,37.089594035780124,3
39918,PH,8.899035303788969,1
3992,A,33.58424614615368,2
3992,PH,2.8573169441788617,3
39925,PH,1.388471854598772,2
39927,A,4.349125499038351,1
39935,PH,0.0604260267180427,1
39936,PH,14.010273747435692,1
3994,PH,14.216555397008966,3
3995,A,93.62020034076848,4
3995,PH,11.220528182617977,4
39951,A,34.47452961805638,1
3997,PH,0.0666735997356321,1
3998,PH,0.0487214527936305,1
39980,PH,0.0783928499111217,2
39994,S,1.8241012328051132,1
39995,PH,13.989664083373569,1
400,PH,1.2612631347850392,2
400,A,1.1049487957181996,1
4001,A,0.4357403604821542,1
40016,PH,1.1556891057499803,1
40026,PH,1.596376267129231,1
4003,PH,0.0,1
40030,A,0.0,1
40037,PH,0.406190977273238,1
40038,PH,11.279103204650893,1
4004,PH,1.2230110192290888,2
4004,A,0.5827937859638337,1
4005,PH,0.0,1
40067,A,32.400946071513985,1
4007,A,31.870760605963948,1
4007,PH,0.429929697976502,3
40072,PH,2.150389983878052,1
4008,PH,19.70555026804285,2
40084,PH,7.477399385349824,1
40090,PH,1.802620538847528,1
40098,PH,21.503337827738402,2
401,PH,0.1148913708526088,1
4010,PH,15.125581855936899,2
4010,A,1.0369749908622137,1
40100,PH,9.043690212078562,1
40102,PH,0.2425859519381306,2
40110,PH,0.0,1
40111,A,32.25691256283864,1
40111,PH,11.024788954118543,1
40119,PH,25.093859572130768,2
40138,PH,0.3824660846772437,1
4015,A,38.795892930889025,2
4015,PH,0.1669053844673701,2
40171,A,6.949755120515677,1
40181,PH,26.890024442531043,4
40181,A,0.8561294798819838,1
40188,PH,1.7986385149299653,1
4019,A,1.3609650200839385,1
40191,PH,8.905205133540498,1
40195,PH,0.0991503185614557,1
40197,PH,19.6875704422541,1
402,PH,6.912317120406182,1
40211,PH,12.537235242823872,2
40214,PH,10.69466007578874,1
40219,PH,5.48140643493063,2
4022,PH,2.5996432761518005,1
40229,PH,16.57087325363504,1
40229,A,0.8527750327574928,1
40231,PH,29.069293426836854,3
40232,PH,18.780710198226494,2
40253,PH,0.5190598788640746,1
40259,PH,0.1049141166310916,1
4026,PH,0.0,1
40261,PH,0.1431693952945906,1
4028,PH,0.0,1
4029,PH,2.5139818847968427,1
40297,PH,0.0388570564151548,1
403,A,20.04416011560449,1
403,PH,10.900974381698662,2
4030,PH,0.0604260267180427,1
40306,PH,14.921779120280917,1
40308,PH,0.1073596094959847,1
40310,PH,1.769613931529851,1
40319,PH,9.567324740295962,1
4032,PH,0.0,1
4033,PH,0.4648950358510949,1
4034,PH,26.3917243348186,2
4034,A,1.2668093440081267,1
40343,PH,4.35134659130758,2
40343,A,0.5190119186953337,1
40357,PH,4.855215650222671,1
4036,PH,1.5478328487143416,3
40361,PH,0.36625087218647173,2
40363,A,1.8852489228694564,1
40363,PH,0.0919859848317278,1
4037,PH,33.354208987041204,3
40374,A,17.232494181998035,1
4039,PH,25.0055754875708,1
40391,PH,0.0095450157244252,1
40418,PH,1.874058692623399,1
40418,A,1.4233140494377745,1
40432,A,34.66946384581387,1
40432,PH,11.0438151483285,1
40434,PH,0.1049141166310916,1
40435,PH,14.363379124922751,1
40442,PH,16.439604204269344,1
40459,PH,29.620007144140885,2
40475,PH,42.12955106439813,2
40477,PH,25.01210911765807,2
40488,PH,20.79208556495397,1
4049,A,32.71686571719609,1
4049,PH,8.759555343443413,1
40494,PH,0.0387441985721133,1
40496,PH,2.1622697221641136,3
4050,A,35.8692315916476,1
40502,A,17.115189793829696,1
40508,PH,10.71383526485246,1
40509,PH,14.774978881106358,1
4051,PH,2.075470395745862,2
40515,PH,7.412521042917403,1
40543,PH,1.874058692623399,1
40549,PH,0.0910802171979677,1
40558,PH,2.1301649448739446,1
40563,PH,0.0577887255216298,1
40564,A,0.8815133600172008,1
40573,A,3.3861718146610014,1
40576,PH,5.94719819894404,2
40580,PH,0.0387441985721133,1
406,PH,18.68674989503477,1
4061,PH,10.781653049181438,2
4061,A,0.238405748474676,1
40614,A,1.5823561520504066,1
40615,PH,0.0577887255216298,1
40620,PH,7.391425542847112,1
40621,PH,29.969787928523854,3
40622,PH,0.0063855498024162,1
4067,PH,15.325977511840543,1
40671,A,17.1232703512627,1
40671,PH,0.0387441985721133,1
40676,A,36.11768881626992,1
40676,PH,0.6029941686072489,2
40678,A,0.6646008261027021,1
4068,PH,10.71383526485246,1
40693,PH,9.74980935404208,1
407,PH,16.000471042833958,3
40705,PH,0.0195690095083933,1
4071,A,0.9492680458731984,1
4071,PH,0.1791664812384466,1
4072,PH,11.019035894431378,1
4078,A,23.591921950741984,1
4079,A,0.538405547646537,1
40865,PH,14.15349206909451,1
40927,PH,7.418690872668931,1
40932,PH,0.0388570564151548,1
40948,PH,0.3377907958620963,1
40955,PH,3.852044378316084,1
40958,PH,22.619363526663797,2
40960,PH,2.5680520384559014,2
40969,S,0.361794529559108,1
40975,A,37.00441536897272,2
40975,PH,2.540023762430912,1
41004,PH,10.688443506474762,1
41007,PH,2.746444992028495,1
41009,A,33.791008534512265,1
41028,PH,47.898605770513456,3
41045,PH,0.0095450157244252,1
41047,PH,10.688443506474762,1
41048,PH,32.72719688186551,4
41049,PH,7.414361693435336,2
41053,PH,2.4785981913703616,1
41057,PH,2.1596255189816183,1
41097,PH,0.0185523053497347,1
41109,PH,0.1106384122705138,1
41137,PH,10.569795950041536,1
41163,PH,10.81385707983983,1
41168,PH,164.71173780218118,27
41168,A,109.62719877981964,11
41172,PH,25.325092877427554,1
41183,PH,1.3860805209697942,1
41186,PH,0.1286215541012604,1
41188,A,54.56667679408245,7
41188,PH,47.028145063110074,6
41190,A,30.81364966951117,1
41190,PH,7.440563298720924,1
41199,PH,0.140928122453199,1
41209,PH,14.967423469518192,1
41212,PH,26.81035149495885,4
41212,A,12.568760449334164,21
41214,PH,14.301365211598608,3
41214,A,1.7360461695650735,4
41217,PH,4.661593543093112,4
41218,PH,11.01390139721463,1
41220,PH,14.823916930174388,1
41226,PH,0.4186627448046718,1
41229,PH,30.605149638769735,3
41231,PH,203.16307061686987,30
41231,A,58.25450213842572,5
41232,PH,0.029114025232818502,2
41235,PH,14.054048759178595,1
41240,PH,0.2613697484381352,1
41243,A,1.9374385812946695,1
41243,PH,0.939813477170664,1
41245,PH,0.3327518029795721,1
41251,PH,46.744882632650544,4
41252,PH,39.0661687258297,3
41263,A,1.965052018721301,1
41267,PH,26.91655853349454,2
41268,PH,1.1815696167495353,2
41272,PH,0.0,1
41284,PH,13.36312932001806,4
41291,PH,14.870228156483703,1
41297,PH,143.03828015851366,31
41297,A,12.924457051415441,9
41298,PH,2.059599091215337,1
41308,A,34.55679778636998,1
41314,PH,2.202668931374414,1
41336,PH,14.326257037853008,1
41369,A,37.50663480954328,1
41369,PH,0.0095450157244252,1
41375,PH,1.8714213914269864,1
41377,PH,10.688443506474762,1
41378,PH,15.051486926663069,1
41384,PH,0.6496326419813356,1
41385,PH,14.165877284336345,1
41386,A,17.23257924173717,1
41388,PH,15.430624956403504,1
41391,PH,38.73675903469961,4
41393,PH,18.44168083897543,6
41394,PH,4.698796855035705,1
41397,PH,14.20937254204995,1
414,PH,8.49096633016706,2
41403,PH,20.379929576720663,5
41403,A,1.7382414160124953,1
41433,PH,14.344399646843103,2
41435,PH,9.667032903847828,1
41436,A,33.04871616806227,1
41441,PH,14.140730229739564,1
41445,PH,7.101070838354284,1
41449,PH,0.0200963389519895,1
41454,PH,6.900394888517824,1
41458,PH,0.0,1
41462,PH,0.0748319467829255,1
41484,PH,7.412521042917403,1
41531,PH,14.015091494004125,1
41534,A,34.949417232698714,1
41536,A,35.69467345728171,1
41536,PH,14.907504052710523,1
41559,PH,2.4466382518296848,1
41571,PH,14.102088893375296,1
41572,PH,9.882061661322227,1
41573,PH,9.580086579650908,1
41574,A,23.60911682763209,1
41580,PH,9.648132850914989,1
41582,PH,15.045355297592351,1
41583,PH,14.445316110059917,1
41608,PH,10.684636082004774,1
41613,PH,10.71383526485246,1
41615,PH,10.571047707156788,1
41629,PH,66.01273330070569,3
41637,PH,10.684636082004774,1
41640,PH,14.134560399988034,1
41651,PH,1.7162869641522078,1
41652,PH,14.909017280925973,1
4274,PH,11.023151449723802,1
4314,A,0.4734934292765013,1
4332,A,0.8271594122201853,1
4332,PH,0.098241351738778,1
4343,PH,19.44639807474621,1
4346,A,0.0554914241002274,1
4347,PH,7.412521042917403,1
4351,PH,7.404816677710911,1
4353,PH,0.1175546107292495,1
4359,PH,0.7941373413408452,1
4380,PH,0.0726982840311619,1
440,A,0.6133521603690639,1
4468,PH,0.0195222699459425,1
4503,PH,0.0487214527936305,1
4542,PH,38.19242213280261,1
4564,PH,1.8011818563341324,1
4625,PH,8.396571320211745,2
4632,PH,0.0388570564151548,1
4649,PH,0.3558300503642777,1
4663,PH,0.0095450157244252,1
468,PH,14.138577708989944,1
4695,PH,2.8196333306064636,2
4703,PH,0.0,1
475,A,3.3090262066541505,1
477,A,36.30695078921523,1
477,PH,4.989271916797619,3
478,PH,0.0,1
4795,PH,0.1106384122705138,1
4810,A,0.8167670064611157,1
4832,PH,4.889969503568415,1
4841,PH,7.404816677710911,1
485,PH,24.923093563559952,2
485,A,1.2496449898577346,1
4863,PH,0.045026886166683,1
4865,PH,0.8710511447704361,1
488,PH,0.0,1
4881,A,32.59447074936117,1
4881,PH,0.2554570305236218,2
4885,PH,25.10779597068288,1
4893,PH,0.0492321084828037,2
4899,PH,14.918524541479329,2
4899,A,2.519881109226167,1
49,PH,0.0049332164284919,1
4943,PH,0.4177830826008272,1
5049,PH,16.191800208437236,1
5081,PH,0.6056929089326202,1
5086,PH,0.2598992412247104,1
51,PH,10.752702656715693,1
5124,PH,4.197415717100041,1
5173,A,2.2366626934789986,1
5181,A,0.7714403261860088,1
5212,PH,17.57939693485342,2
5217,PH,0.4718313919101727,2
5219,PH,4.698796855035705,1
5220,PH,1.2771745708914393,1
5241,PH,7.350172951050093,2
5243,PH,0.9558934504655913,2
5245,PH,19.420894529983055,3
5249,PH,5.387756053794282,3
5250,PH,0.0311389063631507,1
5251,PH,0.1326810992819653,1
5255,PH,14.030338126157709,1
5261,PH,7.331971522422003,1
5264,PH,1.1164181436383445,1
5290,A,1.05193797511542,1
5291,PH,0.3124177102828472,1
5304,PH,0.8628793159587743,1
5311,PH,14.09992440929173,1
5350,PH,0.0,1
5360,PH,10.95936510491454,1
5362,PH,0.4548081396656257,1
5382,PH,1.3400279474837913,1
5393,A,1.1401178446616806,1
5409,A,17.605973636297197,1
5409,PH,0.0,1
5412,PH,20.04108571043696,1
5413,PH,0.0,1
5418,PH,11.181799690365239,2
5432,PH,0.1842200554680931,1
5433,PH,0.1791664812384466,1
5435,PH,0.0063855498024162,1
5438,PH,0.2472814385446371,1
5440,PH,14.05979870026538,1
5447,PH,9.927307088864321,2
5453,A,3.210916390007955,1
5453,PH,0.0604260267180427,1
5465,PH,2.1340935017840814,1
5472,PH,1.3860805209697942,1
5484,PH,0.4727486598875184,1
5501,PH,0.2778084665821187,1
5502,PH,16.42752354643757,1
5523,PH,8.760733939987373,1
554,PH,0.0,1
5583,A,31.92493426782976,1
5583,PH,0.1895782986851543,1
5608,PH,8.877701496749868,1
5621,PH,0.0910802171979677,1
5633,A,16.82493379300071,1
5633,PH,0.1832704616738505,2
5636,PH,0.672849676877609,1
5639,PH,10.84054835498062,1
5640,A,1.1014110285995855,1
5641,PH,4.717696907968547,1
5642,PH,3.963239970996368,1
5649,PH,22.022062730171015,5
5649,A,17.543396731584764,1
5651,PH,0.0,1
5652,PH,1.5813731549328929,1
5658,PH,3.6367183808095622,3
5664,PH,0.1868747473393792,1
5669,PH,4.027270211422987,1
5672,PH,16.084154061739763,1
5672,A,1.3476363441261745,1
5674,PH,53.67726042301236,8
5674,A,32.05275750966224,1
5675,PH,19.11462728445116,1
5676,PH,10.98658440618082,1
5682,PH,0.582133865838957,1
5683,PH,0.166771966921209,1
5686,PH,14.921779120280917,1
5690,PH,14.13627432033464,2
5691,PH,0.0387441985721133,1
5702,PH,10.738669187642248,2
5713,A,17.807949488733964,1
5715,PH,38.740332684819954,6
5715,A,21.627436040836518,1
5720,PH,15.363623571093337,1
5725,PH,16.40604496871854,1
5726,A,0.99654933185207,1
5732,PH,8.708228949470204,2
5734,PH,14.134560399988034,1
5742,PH,0.0,1
5748,PH,11.055881524519187,2
5754,PH,8.848939427711748,1
5765,PH,19.522797523129864,1
5766,PH,0.1475090405936642,1
5768,A,1.175863957106696,1
5780,PH,11.256910880548803,1
5784,PH,0.0,1
5787,A,34.037969078448505,1
5787,PH,4.698765238862071,1
5791,PH,19.72466509187608,1
5792,PH,7.528432797064258,1
5808,A,0.7502241116731728,1
5820,PH,0.2619059393664969,1
5843,A,2.4397514580629114,1
5847,PH,0.4853852145205553,1
5855,PH,18.931141152117227,2
5878,PH,9.949799057722364,1
5888,PH,10.71383526485246,2
589,PH,0.1895782986851543,1
5899,PH,7.505131011769285,1
5906,A,17.585780343593907,1
5906,PH,10.756969648531689,1
5908,A,0.7222492917695646,1
5909,PH,14.289748783712518,1
5914,A,1.6892870698137454,1
5917,PH,19.555014900858563,1
5920,PH,4.5910104807864975,2
5921,PH,7.895960097869685,1
5926,PH,14.63008166145359,2
5927,PH,13.227935821984422,2
5929,PH,1.185556898430079,1
5935,PH,25.06711169575787,1
5944,A,1.5824991439963088,1
5944,PH,0.0186578071155353,1
5945,PH,1.000932546278125,1
5956,PH,16.313061736818838,2
5965,A,1.932315714188512,1
5965,PH,0.0,1
5970,PH,1.8042752569946736,1
5975,PH,1.8010695439208773,2
5977,A,30.938269672484022,1
5977,PH,11.02127716727277,1
5984,PH,0.0,1
5995,PH,14.10748278429539,1
6000,PH,10.665460892941054,1
6006,PH,19.473015844149728,1
6012,PH,14.295918613464048,1
6013,PH,6.881463219411349,1
6024,PH,0.0452940256446538,1
6065,PH,15.018501946401894,1
6107,PH,1.4107645922130998,1
6127,PH,14.12261306596041,1
6129,A,31.979909983951263,1
6136,PH,20.060719745057344,1
6146,PH,0.0387441985721133,1
6150,PH,0.0095450157244252,1
6156,A,34.08970983970625,1
6162,PH,4.645999556085166,1
6169,PH,14.734044342581267,1
617,PH,8.767133017863603,1
6196,PH,14.980685231128389,1
620,PH,0.0185523053497347,1
621,A,0.9483916705366704,1
6213,PH,0.1837740761810194,2
6216,PH,35.67883918834396,4
6217,PH,2.0154851831289524,1
6223,PH,14.77425116768548,3
6227,PH,10.71383526485246,1
6232,PH,0.1791664812384466,1
624,PH,2.189000304668205,2
625,PH,11.080426305518678,2
6257,A,4.8451814469787164,1
6289,PH,1.7796379253138188,1
630,PH,0.0699710424424679,2
6300,PH,14.966339143416745,1
6308,PH,0.419386373138354,1
6309,PH,0.0726982840311619,1
635,A,17.232494181998035,1
6361,PH,11.167313218472971,1
6367,PH,0.1049141166310916,1
639,PH,0.0167606018700652,1
6399,PH,7.208933261243631,1
6407,A,0.8431426103179388,1
6478,PH,9.564112652610763,1
6492,PH,0.0095450157244252,1
655,PH,0.0387441985721133,1
6564,PH,19.818333426607403,1
6566,PH,4.178240528036321,1
66,PH,0.0,1
67,PH,0.0577887255216298,1
674,PH,7.309784922590575,1
675,A,23.36867315371048,1
6751,A,0.8227766333552377,1
6766,PH,8.901401266231863,1
6801,PH,0.0850759899723023,1
6822,PH,20.46010489056079,2
6826,PH,0.5300733983206045,1
6871,PH,1.802567071840102,1
6879,PH,0.0,1
6951,PH,1.372206326011775,1
6953,A,24.843993455949,1
7016,PH,1.360314840153618,1
71,PH,0.4917043020828402,1
722,PH,0.0,1
724,PH,10.684636082004774,1
727,PH,29.889882669781084,2
728,PH,0.46331051164782644,2
729,PH,14.17001544328426,1
729,A,1.175863957106696,1
73,PH,9.401072993060529,2
730,PH,1.8714213914269864,1
732,PH,0.0816095035375843,1
735,PH,0.42400271527575056,3
737,A,33.92983999097376,1
738,PH,1.24215748662421,1
740,PH,15.293086564860683,1
7421,PH,1.792353025106315,1
7422,PH,0.0604260267180427,1
7425,PH,52.69667249550666,4
7433,PH,10.861597826495371,1
7437,PH,36.963243552464434,3
7438,PH,1.231136628156616,1
7448,PH,13.992086565769158,2
7453,PH,7.563545116289877,1
7460,A,34.305541075922775,1
7460,PH,14.980685231128389,1
7480,PH,0.0554019382343319,1
7492,PH,0.3435499202365515,1
7517,A,33.68789508616344,1
754,PH,18.61122069285214,1
7543,A,17.695482618609937,1
7561,PH,10.71383526485246,1
761,PH,3.1238284355531416,1
7615,PH,18.74366045453325,1
7621,PH,0.0,1
7622,PH,1.9844764530963,1
7629,PH,1.874058692623399,1
7637,PH,9.583636429185184,1
7640,PH,0.0943797660708957,1
7651,PH,18.80230783347147,1
7667,PH,16.32100076918903,1
7673,PH,69.30608329854206,4
7673,A,35.13927386568441,1
7687,PH,0.5251980924419681,1
7699,PH,0.0,1
7711,PH,7.431452712023878,1
7713,PH,30.42340483075622,2
7725,PH,8.843875197990323,1
7725,A,1.2500704644893017,1
7732,PH,0.0,1
7743,PH,1.185556898430079,1
7748,PH,0.0,1
775,PH,0.0095450157244252,1
7776,PH,16.299972606889778,2
7806,PH,26.060147293343615,2
781,PH,4.977629834795993,2
7817,PH,10.978296774021016,1
7849,PH,0.0388570564151548,2
785,PH,7.418690872668931,1
7855,PH,4.245216134288589,1
7859,PH,1.231628581623011,1
7859,A,0.8333292419717135,1
7865,PH,14.92026589206547,1
7866,PH,14.690941653146378,2
7870,A,37.04185894261045,1
7870,PH,10.688443506474762,1
7878,PH,14.041589255108928,1
7889,PH,0.0425516230421023,1
789,PH,13.96817050739757,1
7906,PH,0.0063855498024162,1
7937,PH,0.0679749024062193,1
7962,PH,29.137855891669894,2
7980,PH,4.0864725258733055,1
8,PH,10.170925009156296,1
8047,PH,6.178561585124176,2
805,A,3.0248736616480723,1
8069,PH,1.9568153666552957,2
8072,PH,1.1843534723205489,1
8076,PH,0.0651576231791271,1
8096,PH,10.71383526485246,2
8108,PH,10.909198052925792,1
8122,PH,7.418690872668931,1
813,A,15.474103952571337,1
8142,PH,4.83282720130242,1
8145,PH,14.726812855626559,2
8148,PH,2.5996432761518005,1
8159,PH,0.0195222699459425,1
8166,PH,9.875372127052415,1
820,PH,11.391417780044623,2
824,A,0.4357403604821542,1
8274,PH,8.77695072654218,1
8274,A,1.1735637326316293,1
8276,A,34.00269956729383,1
8301,PH,0.0604260267180427,1
8335,PH,0.1049141166310916,1
8343,PH,8.680442455715601,1
8411,A,34.95488458723067,1
8447,A,2.140693033459657,1
845,PH,0.127889663249437,1
8452,PH,1.874058692623399,1
850,PH,0.0,1
8507,PH,14.130387458084918,1
851,A,36.476823906174936,5
851,PH,9.150965849342729,3
8510,PH,20.500561073077893,1
8547,PH,14.918524541479329,1
855,PH,17.510096669118603,12
855,A,1.5628573975748343,2
858,PH,79.58374131500301,10
860,PH,512.8212906229522,89
863,PH,24.265507602445524,7
863,A,1.742178682088428,1
869,PH,14.801258069102959,8
870,PH,108.88587499074157,35
870,A,5.1285021559300725,7
876,PH,33.20952383030424,6
8766,PH,10.779801014147017,1
8788,PH,0.3072704151328376,1
883,PH,56.27274102898194,11
885,PH,40.96295637309798,6
886,PH,25.743355240254928,4
886,A,5.634333865430092,2
894,PH,19.994990274010764,3
894,A,4.614532420980444,5
896,PH,0.1371764071783084,1
898,PH,54.5313949959271,8
898,A,0.7984766168676818,1
902,A,37.83611424797831,1
902,PH,33.639289321019625,5
905,PH,14.468601682777654,8
908,PH,1.4768003922850454,1
909,PH,5.423711766453076,7
909,A,1.2731604847528404,2
910,A,1.0369749908622137,1
910,PH,0.0,1
9108,PH,7.404816677710911,1
912,PH,6.499879501325556,6
913,PH,25.405516278568587,1
914,PH,14.292394228970178,3
914,A,0.6764773160609777,1
915,PH,52.3818671583264,14
918,PH,323.8711658159524,50
919,PH,14.244572286292478,3
920,PH,23.7348008791177,9
923,A,0.9401911970814545,2
923,PH,0.8187034038946321,13
925,PH,333.97715248055175,117
925,A,6.565876623518254,2
926,PH,81.12239299872724,20
926,A,4.73335107454708,3
929,PH,62.82191115063595,11
931,PH,215.9116660623411,43
931,A,26.300451612941117,8
933,PH,49.75037837958932,13
935,PH,68.26224265434296,19
936,PH,77.75559153355586,31
937,PH,41.23067622628328,19
937,A,31.650346833733742,8
938,PH,126.22619680548803,44
938,A,37.42453342477531,4
942,PH,159.3828353582991,51
942,A,0.5784891237039239,1
946,PH,76.36355287127573,14
946,A,1.102270159215081,1
9481,PH,13.92405106102769,1
952,PH,57.851598602012736,13
955,PH,311.5988621073182,35
955,A,18.650668199835295,4
959,A,19.059975991497435,4
959,PH,0.0387441985721133,1
963,PH,0.0,1
964,PH,19.101081326442333,2
964,A,1.8479658778723336,2
967,A,19.04748642747682,1
968,PH,10.569795950041536,1
971,PH,0.0627450428254954,2
9946,PH,0.0,1
